-- MySQL dump 10.13  Distrib 8.0.30, for Win64 (x86_64)
--
-- Host: localhost    Database: vk
-- ------------------------------------------------------
-- Server version	8.0.30

/*!40101 SET @OLD_CHARACTER_SET_CLIENT=@@CHARACTER_SET_CLIENT */;
/*!40101 SET @OLD_CHARACTER_SET_RESULTS=@@CHARACTER_SET_RESULTS */;
/*!40101 SET @OLD_COLLATION_CONNECTION=@@COLLATION_CONNECTION */;
/*!50503 SET NAMES utf8mb4 */;
/*!40103 SET @OLD_TIME_ZONE=@@TIME_ZONE */;
/*!40103 SET TIME_ZONE='+00:00' */;
/*!40014 SET @OLD_UNIQUE_CHECKS=@@UNIQUE_CHECKS, UNIQUE_CHECKS=0 */;
/*!40014 SET @OLD_FOREIGN_KEY_CHECKS=@@FOREIGN_KEY_CHECKS, FOREIGN_KEY_CHECKS=0 */;
/*!40101 SET @OLD_SQL_MODE=@@SQL_MODE, SQL_MODE='NO_AUTO_VALUE_ON_ZERO' */;
/*!40111 SET @OLD_SQL_NOTES=@@SQL_NOTES, SQL_NOTES=0 */;

--
-- Table structure for table `communities`
--

DROP TABLE IF EXISTS `communities`;
/*!40101 SET @saved_cs_client     = @@character_set_client */;
/*!50503 SET character_set_client = utf8mb4 */;
CREATE TABLE `communities` (
  `id` int unsigned NOT NULL AUTO_INCREMENT COMMENT '╨Ш╨┤╨╡╨╜╤В╨╕╤Д╨╕╨║╨░╤В╨╛╤А ╤Б╤А╨╛╨║╨╕',
  `name` varchar(150) CHARACTER SET utf8mb4 COLLATE utf8mb4_unicode_ci NOT NULL COMMENT '╨Э╨░╨╖╨▓╨░╨╜╨╕╨╡ ╨│╤А╤Г╨┐╨┐╤Л',
  `created_at` datetime DEFAULT CURRENT_TIMESTAMP COMMENT '╨Т╤А╨╡╨╝╤П ╤Б╨╛╨╖╨┤╨░╨╜╨╕╤П ╤Б╤В╤А╨╛╨║╨╕',
  `updated_at` datetime DEFAULT CURRENT_TIMESTAMP ON UPDATE CURRENT_TIMESTAMP COMMENT '╨Т╤А╨╡╨╝╤П ╨╛╨▒╨╜╨╛╨▓╨╗╨╡╨╜╨╕╤П ╤Б╤В╤А╨╛╨║╨╕',
  PRIMARY KEY (`id`),
  UNIQUE KEY `name` (`name`)
) ENGINE=InnoDB AUTO_INCREMENT=101 DEFAULT CHARSET=utf8mb4 COLLATE=utf8mb4_unicode_ci COMMENT='╨У╤А╤Г╨┐╨┐╤Л';
/*!40101 SET character_set_client = @saved_cs_client */;

--
-- Dumping data for table `communities`
--

LOCK TABLES `communities` WRITE;
/*!40000 ALTER TABLE `communities` DISABLE KEYS */;
INSERT INTO `communities` VALUES (1,'consequatur','1975-02-15 01:11:33','2000-03-25 16:02:23'),(2,'sint','2017-11-26 03:48:50','2021-07-20 05:45:17'),(3,'veritatis','1980-04-08 01:24:40','2006-11-12 12:48:41'),(4,'nesciunt','1976-09-13 23:53:58','1987-02-16 13:16:19'),(5,'ipsa','1986-02-06 16:45:24','1977-04-16 15:32:31'),(6,'ipsum','2016-06-03 09:08:08','1988-03-09 18:48:36'),(7,'magnam','2001-06-04 00:20:58','2017-05-28 12:14:21'),(8,'ut','1983-04-05 00:36:34','1978-10-16 18:04:18'),(9,'id','1988-09-13 08:06:11','1995-03-27 00:47:36'),(10,'at','1986-02-19 17:39:15','2010-01-09 04:54:18'),(11,'aperiam','2006-06-25 11:06:36','2014-10-21 04:13:07'),(12,'voluptatem','1978-02-26 19:45:10','2013-01-14 05:31:58'),(13,'aut','1973-07-07 18:37:55','1985-11-15 06:04:54'),(14,'eius','2004-06-11 22:44:43','2007-09-27 17:12:22'),(15,'dolorem','1997-04-17 05:36:54','1978-10-02 07:12:34'),(16,'voluptate','2016-07-11 03:21:08','1970-10-02 10:25:12'),(17,'omnis','2004-11-12 07:12:19','1974-06-09 14:31:01'),(18,'est','2003-10-24 06:48:08','1974-02-24 23:11:45'),(19,'libero','2001-10-31 07:24:56','1973-09-08 00:18:56'),(20,'consectetur','2005-07-09 23:51:51','1988-07-01 08:54:43');
/*!40000 ALTER TABLE `communities` ENABLE KEYS */;
UNLOCK TABLES;

--
-- Table structure for table `communities_users`
--

DROP TABLE IF EXISTS `communities_users`;
/*!40101 SET @saved_cs_client     = @@character_set_client */;
/*!50503 SET character_set_client = utf8mb4 */;
CREATE TABLE `communities_users` (
  `community_id` int unsigned NOT NULL COMMENT '╨б╤Б╤Л╨╗╨║╨░ ╨╜╨░ ╨│╤А╤Г╨┐╨┐╤Г',
  `user_id` int unsigned NOT NULL COMMENT '╨б╤Б╤Л╨╗╨║╨░ ╨╜╨░ ╨┐╨╛╨╗╤М╨╖╨╛╨▓╨░╤В╨╡╨╗╤П',
  `created_at` datetime DEFAULT CURRENT_TIMESTAMP COMMENT '╨Т╤А╨╡╨╝╤П ╤Б╨╛╨╖╨┤╨░╨╜╨╕╤П ╤Б╤В╤А╨╛╨║╨╕',
  PRIMARY KEY (`community_id`,`user_id`) COMMENT '╨б╨╛╤Б╤В╨░╨▓╨╜╨╛╨╣ ╨┐╨╡╤А╨▓╨╕╤З╨╜╤Л╨╣ ╨║╨╗╤О╤З'
) ENGINE=InnoDB DEFAULT CHARSET=utf8mb4 COLLATE=utf8mb4_unicode_ci COMMENT='╨г╤З╨░╤Б╤В╨╜╨╕╨║╨╕ ╨│╤А╤Г╨┐╨┐, ╤Б╨▓╤П╨╖╤М ╨╝╨╡╨╢╨┤╤Г ╨┐╨╛╨╗╤М╨╖╨╛╨▓╨░╤В╨╡╨╗╤П╨╝╨╕ ╨╕ ╨│╤А╤Г╨┐╨┐╨░╨╝╨╕';
/*!40101 SET character_set_client = @saved_cs_client */;

--
-- Dumping data for table `communities_users`
--

LOCK TABLES `communities_users` WRITE;
/*!40000 ALTER TABLE `communities_users` DISABLE KEYS */;
INSERT INTO `communities_users` VALUES (1,12,'2010-04-23 16:32:45'),(1,15,'1980-12-07 06:31:36'),(1,17,'1974-09-27 21:02:35'),(1,18,'1979-02-10 06:15:43'),(1,49,'1990-10-05 05:56:01'),(1,76,'2016-12-13 22:54:02'),(2,9,'1984-10-07 00:28:17'),(2,42,'1997-10-20 13:08:28'),(2,43,'1980-08-09 02:22:37'),(2,52,'1982-05-07 12:35:37'),(2,72,'1983-06-04 15:28:39'),(2,78,'1989-06-26 11:13:39'),(4,25,'1998-02-25 18:35:25'),(4,54,'2020-07-19 02:33:33'),(4,57,'1978-11-24 13:56:04'),(4,59,'1979-06-11 20:22:24'),(4,95,'2005-08-26 02:49:00'),(5,21,'2007-11-09 08:04:36'),(6,2,'1994-10-23 14:20:40'),(6,28,'2008-03-17 14:21:09'),(6,30,'1971-07-19 23:45:13'),(6,38,'1980-02-05 05:06:11'),(6,51,'1989-01-29 03:42:10'),(6,61,'2001-06-03 10:11:34'),(6,93,'1992-12-27 15:37:44'),(7,7,'2001-08-27 18:29:15'),(7,23,'2011-08-24 19:52:04'),(8,5,'1981-11-24 08:39:09'),(8,20,'1995-11-02 15:05:41'),(8,47,'1995-05-18 18:27:44'),(8,71,'2016-05-20 03:44:31'),(8,89,'1987-06-08 16:17:28'),(8,90,'2014-09-28 17:18:22'),(9,3,'1977-09-27 21:22:51'),(9,6,'1993-01-28 13:55:34'),(9,33,'1993-09-24 02:13:23'),(9,37,'1982-11-26 01:28:10'),(9,41,'1989-12-08 11:14:07'),(9,55,'1983-11-08 17:18:16'),(9,58,'2005-02-03 22:57:53'),(9,77,'1997-07-21 20:47:47'),(9,80,'2006-06-03 11:30:52'),(10,26,'1982-01-09 03:09:25'),(10,46,'2019-05-22 12:51:29'),(10,48,'1987-10-25 15:43:32'),(10,60,'1974-07-04 20:22:49'),(10,79,'1982-01-23 22:41:36'),(10,83,'1990-05-11 11:43:28'),(10,87,'2007-09-07 13:19:55'),(10,91,'1999-05-13 10:05:34'),(10,92,'1985-09-26 06:38:31'),(10,97,'1989-09-06 20:51:10'),(11,14,'1994-04-13 11:43:12'),(11,32,'2012-01-05 23:45:54'),(11,64,'1970-12-09 18:08:34'),(11,69,'2015-06-07 15:49:38'),(11,75,'1975-08-22 22:05:33'),(12,1,'1977-12-03 16:30:36'),(12,45,'1984-08-20 23:17:36'),(12,53,'1997-09-15 19:21:28'),(12,65,'2001-07-07 16:22:24'),(12,74,'2001-08-24 01:45:13'),(12,82,'1987-04-18 06:51:40'),(12,86,'1993-08-03 09:07:20'),(12,88,'1975-05-04 11:10:10'),(13,39,'1974-04-26 06:43:49'),(13,66,'2006-02-26 03:34:56'),(13,85,'2008-08-06 18:22:14'),(14,4,'2014-07-31 21:58:07'),(14,8,'1981-01-02 07:23:39'),(14,19,'1986-03-16 11:56:00'),(14,34,'2015-01-20 20:05:39'),(14,81,'2016-03-03 02:27:38'),(15,11,'1987-09-09 05:20:22'),(15,13,'1988-10-02 08:30:57'),(15,36,'2005-06-28 01:02:34'),(15,68,'1983-12-10 16:12:09'),(15,94,'1983-02-09 20:54:52'),(16,24,'2021-09-14 20:08:04'),(16,27,'2017-01-03 21:21:59'),(16,99,'1994-02-08 20:16:32'),(16,100,'2000-07-16 01:55:34'),(17,67,'1977-01-28 00:01:46'),(18,10,'2015-02-22 19:01:08'),(18,35,'1993-01-23 13:03:42'),(18,40,'1988-01-23 07:05:48'),(18,63,'2014-10-11 04:00:47'),(18,84,'1976-10-20 16:26:46'),(19,29,'2004-12-14 07:36:07'),(19,31,'1987-09-07 09:14:35'),(19,44,'1973-09-25 23:40:05'),(19,50,'2002-01-15 02:35:39'),(19,70,'1974-07-14 03:26:33'),(20,16,'1986-08-13 08:34:36'),(20,22,'1976-12-29 16:31:47'),(20,56,'2002-08-13 04:57:26'),(20,62,'2012-11-28 07:50:15'),(20,73,'1986-02-21 06:13:37'),(20,96,'1991-01-11 10:17:32'),(20,98,'1976-07-18 21:44:59');
/*!40000 ALTER TABLE `communities_users` ENABLE KEYS */;
UNLOCK TABLES;

--
-- Table structure for table `friendship_statuses`
--

DROP TABLE IF EXISTS `friendship_statuses`;
/*!40101 SET @saved_cs_client     = @@character_set_client */;
/*!50503 SET character_set_client = utf8mb4 */;
CREATE TABLE `friendship_statuses` (
  `id` int unsigned NOT NULL AUTO_INCREMENT COMMENT '╨Ш╨┤╨╡╨╜╤В╨╕╤Д╨╕╨║╨░╤В╨╛╤А ╤Б╤В╤А╨╛╨║╨╕',
  `name` varchar(150) CHARACTER SET utf8mb4 COLLATE utf8mb4_unicode_ci NOT NULL COMMENT '╨Э╨░╨╖╨▓╨░╨╜╨╕╨╡ ╤Б╤В╨░╤В╤Г╤Б╨░',
  `created_at` datetime DEFAULT CURRENT_TIMESTAMP COMMENT '╨Т╤А╨╡╨╝╤П ╤Б╨╛╨╖╨┤╨░╨╜╨╕╤П ╤Б╤В╤А╨╛╨║╨╕',
  `updated_at` datetime DEFAULT CURRENT_TIMESTAMP ON UPDATE CURRENT_TIMESTAMP COMMENT '╨Т╤А╨╡╨╝╤П ╨╛╨▒╨╜╨╛╨▓╨╗╨╡╨╜╨╕╤П ╤Б╤В╤А╨╛╨║╨╕',
  PRIMARY KEY (`id`),
  UNIQUE KEY `name` (`name`)
) ENGINE=InnoDB AUTO_INCREMENT=4 DEFAULT CHARSET=utf8mb4 COLLATE=utf8mb4_unicode_ci COMMENT='╨б╤В╨░╤В╤Г╤Б╤Л ╨┤╤А╤Г╨╢╨▒╤Л';
/*!40101 SET character_set_client = @saved_cs_client */;

--
-- Dumping data for table `friendship_statuses`
--

LOCK TABLES `friendship_statuses` WRITE;
/*!40000 ALTER TABLE `friendship_statuses` DISABLE KEYS */;
INSERT INTO `friendship_statuses` VALUES (1,'Requested','2022-09-05 17:44:13','2022-09-05 17:44:13'),(2,'Confirmed','2022-09-05 17:44:13','2022-09-05 17:44:13'),(3,'Rejected','2022-09-05 17:44:13','2022-09-05 17:44:13');
/*!40000 ALTER TABLE `friendship_statuses` ENABLE KEYS */;
UNLOCK TABLES;

--
-- Table structure for table `friendships`
--

DROP TABLE IF EXISTS `friendships`;
/*!40101 SET @saved_cs_client     = @@character_set_client */;
/*!50503 SET character_set_client = utf8mb4 */;
CREATE TABLE `friendships` (
  `user_id` int unsigned NOT NULL COMMENT '╨б╤Б╤Л╨╗╨║╨░ ╨╜╨░ ╨╕╨╜╨╕╤Ж╨╕╨░╤В╨╛╤А╨░ ╨┤╤А╤Г╨╢╨╡╤Б╨║╨╕╤Е ╨╛╤В╨╜╨╛╤И╨╡╨╜╨╕╨╣',
  `friend_id` int unsigned NOT NULL COMMENT '╨б╤Б╤Л╨╗╨║╨░ ╨╜╨░ ╨┐╨╛╨╗╤Г╤З╨░╤В╨╡╨╗╤П ╨┐╤А╨╕╨│╨╗╨░╤И╨╡╨╜╨╕╤П ╨┤╤А╤Г╨╢╨╕╤В╤М',
  `status_id` int unsigned NOT NULL COMMENT '╨б╤Б╤Л╨╗╨║╨░ ╨╜╨░ ╤Б╤В╨░╤В╤Г╤Б (╤В╨╡╨║╤Г╤Й╨╡╨╡ ╤Б╨╛╤Б╤В╨╛╤П╨╜╨╕╨╡) ╨╛╤В╨╜╨╛╤И╨╡╨╜╨╕╨╣',
  `requested_at` datetime DEFAULT CURRENT_TIMESTAMP COMMENT '╨Т╤А╨╡╨╝╤П ╨╛╤В╨┐╤А╨░╨▓╨╗╨╡╨╜╨╕╤П ╨┐╤А╨╕╨│╨╗╨░╤И╨╡╨╜╨╕╤П ╨┤╤А╤Г╨╢╨╕╤В╤М',
  `confirmed_at` datetime DEFAULT NULL COMMENT '╨Т╤А╨╡╨╝╤П ╨┐╨╛╨┤╤В╨▓╨╡╤А╨╢╨┤╨╡╨╜╨╕╤П ╨┐╤А╨╕╨│╨╗╨░╤И╨╡╨╜╨╕╤П',
  `created_at` datetime DEFAULT CURRENT_TIMESTAMP COMMENT '╨Т╤А╨╡╨╝╤П ╤Б╨╛╨╖╨┤╨░╨╜╨╕╤П ╤Б╤В╤А╨╛╨║╨╕',
  `updated_at` datetime DEFAULT CURRENT_TIMESTAMP ON UPDATE CURRENT_TIMESTAMP COMMENT '╨Т╤А╨╡╨╝╤П ╨╛╨▒╨╜╨╛╨▓╨╗╨╡╨╜╨╕╤П ╤Б╤В╤А╨╛╨║╨╕',
  PRIMARY KEY (`user_id`,`friend_id`) COMMENT '╨б╨╛╤Б╤В╨░╨▓╨╜╨╛╨╣ ╨┐╨╡╤А╨▓╨╕╤З╨╜╤Л╨╣ ╨║╨╗╤О╤З'
) ENGINE=InnoDB DEFAULT CHARSET=utf8mb4 COLLATE=utf8mb4_unicode_ci COMMENT='╨в╨░╨▒╨╗╨╕╤Ж╨░ ╨┤╤А╤Г╨╢╨▒╤Л';
/*!40101 SET character_set_client = @saved_cs_client */;

--
-- Dumping data for table `friendships`
--

LOCK TABLES `friendships` WRITE;
/*!40000 ALTER TABLE `friendships` DISABLE KEYS */;
INSERT INTO `friendships` VALUES (3,52,1,'1972-01-22 03:18:24','1972-05-01 18:26:55','1979-04-07 04:54:34','2022-09-05 18:51:30'),(3,90,3,'2009-08-10 23:34:26','1978-09-27 13:26:30','1998-04-14 12:57:15','2022-09-05 18:51:30'),(5,47,2,'1980-11-20 15:16:22','1975-02-22 09:17:55','2006-08-23 13:04:16','2022-09-05 18:51:30'),(5,75,1,'1982-01-25 13:57:06','1978-12-24 01:57:52','2019-01-13 14:05:07','2022-09-05 18:51:30'),(6,80,2,'1991-01-21 22:02:49','2000-07-26 19:08:56','2017-01-31 20:12:06','2022-09-05 18:51:30'),(6,100,1,'2008-03-13 03:59:49','2005-08-18 01:11:00','1978-10-05 14:45:56','2022-09-05 18:51:30'),(7,93,2,'2018-05-16 12:30:01','2013-08-02 14:45:18','2010-12-01 11:30:02','2022-09-05 18:51:30'),(8,80,2,'1998-05-24 00:07:03','1977-03-30 19:24:57','1972-03-11 10:53:50','2022-09-05 17:16:30'),(9,4,1,'1979-02-12 04:07:51','1990-02-11 01:29:28','2010-03-23 16:52:50','2022-09-05 18:51:30'),(10,17,2,'2007-09-28 09:07:29','1989-10-19 22:59:33','2003-04-25 19:33:28','2022-09-05 18:51:30'),(12,64,3,'1977-05-27 20:59:33','1979-03-26 23:12:36','2003-03-24 04:42:21','2022-09-05 17:16:30'),(14,4,2,'1983-04-24 16:50:53','2016-07-26 03:20:23','1992-08-04 07:42:45','2022-09-05 18:51:30'),(17,39,1,'1980-01-07 16:32:25','2004-11-23 11:37:32','1973-01-20 04:44:53','2022-09-05 18:51:30'),(17,65,3,'1984-12-22 15:52:19','2022-04-27 13:34:51','2019-02-02 15:33:31','2022-09-05 18:51:30'),(18,50,1,'1975-08-03 06:38:56','1970-10-27 23:18:12','2009-10-31 08:37:33','2022-09-05 18:51:30'),(18,67,1,'2003-07-31 17:16:16','1992-09-12 11:43:29','2010-05-23 12:27:27','2022-09-05 18:51:30'),(19,98,2,'2014-09-24 11:32:10','2000-12-01 04:40:08','1971-07-21 21:18:21','2022-09-05 18:51:30'),(20,70,1,'1985-05-05 09:38:44','1982-01-03 03:51:52','2002-03-29 02:33:58','2022-09-05 18:51:30'),(21,91,3,'2010-02-21 21:08:59','2014-10-16 19:45:34','1995-01-28 12:19:10','2022-09-05 18:51:30'),(23,25,3,'1983-11-23 22:44:29','2011-03-23 07:21:23','1985-12-23 07:41:51','2022-09-05 18:51:30'),(23,29,1,'1975-07-01 03:51:52','1991-04-17 00:15:01','1987-05-11 07:49:55','2022-09-05 18:51:30'),(25,30,3,'1984-01-13 08:19:38','2003-04-26 13:26:32','2005-06-03 01:39:40','2022-09-05 18:51:30'),(29,46,1,'1996-12-25 15:22:09','1973-08-07 11:44:24','1979-03-20 23:54:15','2022-09-05 18:51:30'),(30,91,1,'1985-05-24 15:45:19','2006-01-30 12:53:04','1984-05-27 07:12:15','2022-09-05 18:51:30'),(32,8,1,'2011-08-21 03:34:46','1987-11-23 06:14:20','1987-08-04 20:37:25','2022-09-05 18:51:30'),(32,64,3,'1993-05-12 01:54:55','2012-07-13 21:18:09','2004-07-22 15:09:52','2022-09-05 17:16:30'),(32,86,3,'1979-01-19 21:51:40','1970-04-10 01:29:43','1993-11-21 00:58:32','2022-09-05 17:16:30'),(33,65,1,'2013-10-06 17:41:23','1995-04-17 09:20:39','1990-03-06 17:46:23','2022-09-05 18:51:30'),(33,71,2,'1985-10-05 03:59:55','2021-12-11 05:40:29','2000-05-28 06:12:34','2022-09-05 18:51:30'),(34,10,2,'1995-03-30 02:10:04','2016-07-11 19:12:43','1999-03-19 00:01:25','2022-09-05 17:16:30'),(37,66,1,'1979-08-05 15:27:57','1972-08-25 10:44:49','2010-12-23 18:23:26','2022-09-05 18:51:30'),(37,84,1,'1981-02-01 07:24:48','2014-05-14 07:18:55','2016-06-22 14:02:56','2022-09-05 17:16:30'),(39,7,3,'2004-05-18 15:55:14','1984-07-31 11:20:49','1979-12-30 13:49:59','2022-09-05 18:51:30'),(40,84,3,'2020-06-13 20:27:19','2021-09-22 23:04:45','2011-02-01 16:00:35','2022-09-05 18:51:30'),(41,5,1,'2000-07-27 09:05:46','1999-09-23 00:02:37','1989-03-13 15:51:46','2022-09-05 17:16:30'),(42,30,2,'2000-08-24 18:22:31','1987-05-15 01:39:49','1971-09-16 03:22:28','2022-09-05 18:51:30'),(42,88,1,'1974-05-07 19:22:08','1993-12-18 22:52:50','2021-03-05 00:11:32','2022-09-05 18:51:30'),(42,92,2,'2004-01-14 15:37:51','1981-11-27 14:18:25','1996-12-29 07:35:23','2022-09-05 18:51:30'),(44,48,1,'1975-09-25 21:02:07','2022-05-12 01:01:35','1998-08-05 01:03:28','2022-09-05 18:51:30'),(45,71,3,'2002-08-05 12:02:15','1987-05-11 07:14:44','2014-08-02 23:11:51','2022-09-05 18:51:30'),(46,3,1,'1997-10-09 08:30:17','1978-01-20 02:16:45','1977-12-02 00:19:19','2022-09-05 18:51:30'),(46,67,3,'1998-08-02 15:28:43','2003-03-18 22:03:50','2019-09-23 03:56:03','2022-09-05 18:51:30'),(46,88,1,'2022-03-31 09:33:22','1976-10-15 07:09:00','1985-08-06 21:38:11','2022-09-05 18:51:30'),(47,82,1,'1970-05-27 09:37:47','2015-09-09 16:11:10','2009-12-28 21:17:19','2022-09-05 18:51:30'),(51,44,1,'2003-08-06 17:38:39','2014-09-15 15:29:15','2017-01-29 06:43:29','2022-09-05 18:51:30'),(52,31,2,'2003-04-27 18:32:55','2018-12-19 09:44:11','1999-03-15 22:32:11','2022-09-05 18:51:30'),(53,14,3,'1994-12-03 09:33:56','2018-02-09 19:09:58','1985-01-22 08:09:04','2022-09-05 18:51:30'),(57,10,1,'1981-08-23 10:26:59','1977-01-19 02:12:22','2012-08-03 19:50:03','2022-09-05 18:51:30'),(58,76,2,'1997-04-20 22:04:09','2016-05-14 09:36:31','1977-08-13 19:14:17','2022-09-05 18:51:30'),(60,74,2,'2000-09-30 17:20:59','2008-06-02 19:06:41','1979-05-29 02:51:54','2022-09-05 18:51:30'),(61,15,2,'2012-05-16 03:46:15','2011-07-23 22:23:50','2003-08-27 16:49:00','2022-09-05 18:51:30'),(61,51,1,'1976-05-02 06:47:49','1975-04-07 11:11:19','1996-10-28 21:13:58','2022-09-05 18:51:30'),(61,93,1,'1972-01-05 11:49:00','1988-11-02 14:07:47','1997-02-05 15:06:44','2022-09-05 18:51:30'),(63,70,2,'2004-07-08 08:30:49','1975-12-20 17:20:51','1976-11-26 11:57:48','2022-09-05 18:51:30'),(63,75,1,'1992-08-19 07:10:24','1971-09-28 00:09:52','2009-04-18 07:50:37','2022-09-05 18:51:30'),(64,60,1,'2011-05-15 23:00:25','2008-01-20 06:05:41','2011-11-22 23:35:00','2022-09-05 18:51:30'),(64,88,2,'2005-04-15 22:13:45','1995-04-20 17:01:11','2002-12-17 02:13:40','2022-09-05 18:51:30'),(65,51,1,'1976-03-12 03:09:55','1981-10-28 23:38:40','2005-12-13 21:59:45','2022-09-05 18:51:30'),(65,56,3,'1987-11-07 10:44:49','2015-04-18 23:50:16','2009-01-24 11:59:26','2022-09-05 18:51:30'),(66,44,1,'1976-04-01 03:47:04','1970-04-11 02:44:30','2015-05-04 17:16:40','2022-09-05 18:51:30'),(66,58,2,'1975-02-09 22:29:41','1991-11-25 16:53:09','2010-12-01 21:41:12','2022-09-05 18:51:30'),(66,86,2,'2019-03-08 04:38:07','1973-11-23 15:06:41','2013-09-07 02:43:50','2022-09-05 18:51:30'),(69,95,2,'1977-03-27 20:21:15','2003-09-07 05:11:14','1970-11-05 18:16:51','2022-09-05 18:51:30'),(70,64,3,'1980-06-11 13:19:38','1980-02-01 20:37:35','2014-05-20 04:47:50','2022-09-05 18:51:30'),(71,44,3,'1975-08-18 07:56:24','1991-09-30 02:42:11','2019-01-07 04:20:00','2022-09-05 18:51:30'),(73,57,3,'2009-03-09 23:23:11','2019-12-03 02:30:02','2011-05-06 16:07:10','2022-09-05 17:16:30'),(74,72,2,'1972-06-08 11:44:45','1995-07-15 11:35:12','2020-11-12 17:22:21','2022-09-05 18:51:30'),(74,82,2,'1973-06-06 03:37:46','1998-10-10 11:26:21','2009-06-28 02:43:04','2022-09-05 18:51:30'),(75,1,3,'1980-01-25 01:57:11','2011-07-17 22:12:34','1981-01-30 21:47:10','2022-09-05 18:51:30'),(75,33,2,'2014-12-10 01:25:02','1984-12-28 06:03:49','1987-05-11 05:17:24','2022-09-05 18:51:30'),(75,87,2,'1973-08-23 07:22:05','2019-06-07 00:38:18','2006-12-17 00:25:21','2022-09-05 18:51:30'),(76,49,3,'2004-12-25 21:26:37','1977-04-23 22:41:59','1990-04-14 05:43:29','2022-09-05 18:51:30'),(79,80,1,'1981-08-06 10:19:38','2011-08-21 05:26:42','2015-06-21 06:19:52','2022-09-05 17:16:30'),(80,96,2,'1972-05-05 11:49:50','2015-09-09 21:11:05','2006-08-09 16:50:51','2022-09-05 18:51:30'),(81,3,2,'1981-02-25 00:52:28','1971-09-15 06:03:42','1976-10-09 16:17:49','2022-09-05 18:51:30'),(82,9,2,'1972-12-02 08:53:14','2004-02-07 16:06:18','2015-02-02 09:34:00','2022-09-05 18:51:30'),(82,29,3,'1985-06-21 10:16:13','2021-10-09 19:55:17','1993-01-07 23:08:39','2022-09-05 18:51:30'),(83,25,1,'2001-06-01 05:49:56','2003-03-08 10:10:02','2017-04-10 04:52:57','2022-09-05 18:51:30'),(83,73,1,'1972-03-30 09:52:53','1983-08-31 05:37:14','2002-01-29 17:08:09','2022-09-05 18:51:30'),(84,97,3,'2021-09-11 12:08:10','1991-10-07 18:36:48','2020-05-08 22:31:49','2022-09-05 17:16:30'),(87,39,3,'1983-07-16 00:35:32','1977-07-03 21:42:53','2007-04-22 03:35:28','2022-09-05 18:51:30'),(87,90,3,'1975-07-24 00:22:25','1971-08-16 14:52:05','2015-06-27 18:28:37','2022-09-05 18:51:30'),(88,29,2,'1979-06-10 00:20:29','1989-05-05 09:13:59','2000-07-30 20:11:15','2022-09-05 18:51:30'),(88,72,2,'2018-05-30 01:21:56','2010-02-13 15:03:32','2001-12-15 17:53:07','2022-09-05 17:16:30'),(89,74,2,'2008-08-26 04:40:50','2020-01-05 00:26:58','1987-08-28 04:45:42','2022-09-05 18:51:30'),(90,4,3,'2010-12-12 20:55:43','1970-03-24 17:46:45','1996-03-15 02:27:44','2022-09-05 18:51:30'),(90,28,2,'1970-12-19 14:55:58','2012-06-25 21:58:57','1997-12-23 02:53:16','2022-09-05 18:51:30'),(90,87,1,'2007-08-21 02:14:12','2004-08-10 18:06:38','2018-06-22 17:55:14','2022-09-05 18:51:30'),(92,84,2,'2020-06-07 21:22:12','2005-07-05 17:01:13','1970-11-08 14:55:25','2022-09-05 18:51:30'),(93,48,3,'2002-06-13 22:11:17','2021-12-05 05:59:55','2020-04-14 09:05:35','2022-09-05 18:51:30'),(93,89,3,'2009-04-06 02:24:50','1990-05-10 09:15:25','1979-07-20 12:06:09','2022-09-05 18:51:30'),(94,54,3,'2008-03-16 07:14:57','1987-01-24 20:51:13','1973-08-21 03:24:22','2022-09-05 18:51:30'),(95,62,3,'1974-06-22 06:32:23','1983-07-11 17:37:00','2020-07-19 13:44:20','2022-09-05 18:51:30'),(95,84,2,'1993-03-28 10:08:49','2006-11-01 02:14:37','2000-09-01 23:08:49','2022-09-05 18:51:30'),(96,30,2,'1977-07-25 22:12:59','2014-01-04 01:40:33','1991-06-09 04:01:11','2022-09-05 18:51:30'),(96,78,3,'2008-08-20 06:32:36','1976-12-01 13:42:23','1990-06-10 10:27:05','2022-09-05 18:51:30'),(98,38,2,'1997-03-03 15:20:34','1989-12-27 17:14:33','2008-08-03 18:55:08','2022-09-05 18:51:30'),(99,66,1,'1995-02-27 23:44:57','2009-12-08 22:54:11','2010-07-23 12:02:37','2022-09-05 18:51:30'),(100,10,3,'1992-11-18 18:30:42','2018-12-18 01:15:36','1986-03-19 02:10:44','2022-09-05 18:51:30'),(100,68,1,'2012-08-23 16:34:15','1990-05-20 23:29:42','2009-04-14 09:57:40','2022-09-05 18:51:30');
/*!40000 ALTER TABLE `friendships` ENABLE KEYS */;
UNLOCK TABLES;

--
-- Table structure for table `media`
--

DROP TABLE IF EXISTS `media`;
/*!40101 SET @saved_cs_client     = @@character_set_client */;
/*!50503 SET character_set_client = utf8mb4 */;
CREATE TABLE `media` (
  `id` int unsigned NOT NULL AUTO_INCREMENT COMMENT '╨Ш╨┤╨╡╨╜╤В╨╕╤Д╨╕╨║╨░╤В╨╛╤А ╤Б╤В╤А╨╛╨║╨╕',
  `user_id` int unsigned NOT NULL COMMENT '╨б╤Б╤Л╨╗╨║╨░ ╨╜╨░ ╨┐╨╛╨╗╤М╨╖╨╛╨▓╨░╤В╨╡╨╗╤П, ╨║╨╛╤В╨╛╤А╤Л╨╣ ╨╖╨░╨│╤А╤Г╨╖╨╕╨╗ ╤Д╨░╨╣╨╗',
  `filename` varchar(255) CHARACTER SET utf8mb4 COLLATE utf8mb4_unicode_ci NOT NULL COMMENT '╨Я╤Г╤В╤М ╨║ ╤Д╨░╨╣╨╗╤Г',
  `size` int NOT NULL COMMENT '╨а╨░╨╖╨╝╨╡╤А ╤Д╨░╨╣╨╗╨░',
  `metadata` json DEFAULT NULL,
  `media_type_id` int unsigned NOT NULL COMMENT '╨б╤Б╤Л╨╗╨║╨░ ╨╜╨░ ╤В╨╕╨┐ ╨║╨╛╨╜╤В╨╡╨╜╤В╨░',
  `created_at` datetime DEFAULT CURRENT_TIMESTAMP COMMENT '╨Т╤А╨╡╨╝╤П ╤Б╨╛╨╖╨┤╨░╨╜╨╕╤П ╤Б╤В╤А╨╛╨║╨╕',
  `updated_at` datetime DEFAULT CURRENT_TIMESTAMP ON UPDATE CURRENT_TIMESTAMP COMMENT '╨Т╤А╨╡╨╝╤П ╨╛╨▒╨╜╨╛╨▓╨╗╨╡╨╜╨╕╤П ╤Б╤В╤А╨╛╨║╨╕',
  PRIMARY KEY (`id`),
  CONSTRAINT `media_chk_1` CHECK (json_valid(`metadata`))
) ENGINE=InnoDB AUTO_INCREMENT=101 DEFAULT CHARSET=utf8mb4 COLLATE=utf8mb4_unicode_ci COMMENT='╨Ь╨╡╨┤╨╕╨░╤Д╨░╨╣╨╗╤Л';
/*!40101 SET character_set_client = @saved_cs_client */;

--
-- Dumping data for table `media`
--

LOCK TABLES `media` WRITE;
/*!40000 ALTER TABLE `media` DISABLE KEYS */;
INSERT INTO `media` VALUES (1,11,'https://dropbox.net/vk/oditSmitham.png',79017,'{\"owner\": \"Bennie Thompson\"}',1,'1981-04-24 16:17:05','2022-09-05 16:45:10'),(2,82,'https://dropbox.net/vk/fugaAbbott.avi',89638,'{\"owner\": \"Mohammad Kuhlman\"}',2,'2020-09-21 08:57:08','2022-09-05 16:45:10'),(3,52,'https://dropbox.net/vk/minusAbbott.jpg',1344728,'{\"owner\": \"Lane Leuschke\"}',2,'1999-04-06 10:58:25','2022-09-05 16:45:10'),(4,50,'https://dropbox.net/vk/hicDooley.mpeg',625643,'{\"owner\": \"Jaunita Hermann\"}',1,'1982-05-08 04:20:19','2022-09-05 16:45:10'),(5,83,'https://dropbox.net/vk/accusamusKovacek.png',996012388,'{\"owner\": \"Missouri Heathcote\"}',1,'1992-02-21 08:11:12','2022-09-05 16:45:10'),(6,16,'https://dropbox.net/vk/voluptasLehner.avi',3659,'{\"owner\": \"Kirk Abbott\"}',3,'1983-01-27 09:34:21','2022-09-05 16:45:10'),(7,50,'https://dropbox.net/vk/quaeratEmard.jpg',9508,'{\"owner\": \"Jaunita Hermann\"}',1,'2001-05-16 02:20:35','2022-09-05 16:45:10'),(8,8,'https://dropbox.net/vk/quisVandervort.jpg',902716,'{\"owner\": \"Ramona Lockman\"}',1,'2020-02-15 08:09:54','2022-09-05 16:45:10'),(9,95,'https://dropbox.net/vk/solutaCorkery.mpeg',234666,'{\"owner\": \"Hayley Rogahn\"}',2,'1974-11-20 16:47:36','2022-09-05 16:45:10'),(10,31,'https://dropbox.net/vk/quamDouglas.avi',190894,'{\"owner\": \"Loma Rosenbaum\"}',2,'1993-11-27 06:14:13','2022-09-05 16:45:10'),(11,35,'https://dropbox.net/vk/quisThompson.avi',6968,'{\"owner\": \"Jessica Baumbach\"}',3,'2015-11-21 08:34:11','2022-09-05 16:45:10'),(12,73,'https://dropbox.net/vk/estLockman.avi',602579,'{\"owner\": \"Oceane Stroman\"}',2,'2018-09-12 06:36:44','2022-09-05 16:45:10'),(13,62,'https://dropbox.net/vk/nullaBartell.png',6312,'{\"owner\": \"Barrett Bartoletti\"}',1,'2022-07-23 11:34:51','2022-09-05 16:45:10'),(14,17,'https://dropbox.net/vk/quoLang.avi',453194,'{\"owner\": \"Jerry Larkin\"}',3,'2012-03-12 03:46:17','2022-09-05 16:45:10'),(15,60,'https://dropbox.net/vk/expeditaLeuschke.mpeg',339933327,'{\"owner\": \"Pearline Bergnaum\"}',2,'1978-02-18 23:22:26','2022-09-05 16:45:10'),(16,84,'https://dropbox.net/vk/etDibbert.mpeg',98049370,'{\"owner\": \"Merritt Ruecker\"}',2,'1979-06-10 22:32:37','2022-09-05 16:45:10'),(17,50,'https://dropbox.net/vk/velitLang.mpeg',8748,'{\"owner\": \"Jaunita Hermann\"}',3,'1989-10-19 01:31:00','2022-09-05 16:45:10'),(18,97,'https://dropbox.net/vk/quasDonnelly.jpg',72520,'{\"owner\": \"Tevin Cronin\"}',3,'1970-01-14 16:15:11','2022-09-05 16:45:10'),(19,78,'https://dropbox.net/vk/praesentiumCole.jpg',541676932,'{\"owner\": \"Sylvester Heidenreich\"}',3,'2008-06-06 08:58:29','2022-09-05 16:45:10'),(20,7,'https://dropbox.net/vk/fugiatBaumbach.png',455182,'{\"owner\": \"Jonathan Kessler\"}',1,'2001-08-03 11:15:25','2022-09-05 16:45:10'),(21,32,'https://dropbox.net/vk/cumThompson.jpg',561913,'{\"owner\": \"Liam Upton\"}',2,'2002-05-28 09:59:56','2022-09-05 16:45:10'),(22,34,'https://dropbox.net/vk/quiCarroll.avi',434020,'{\"owner\": \"Fatima Bailey\"}',3,'1996-09-06 22:54:02','2022-09-05 16:45:10'),(23,63,'https://dropbox.net/vk/voluptatemSchuppe.png',474363,'{\"owner\": \"Shania Leuschke\"}',3,'1977-07-28 15:08:00','2022-09-05 16:45:10'),(24,82,'https://dropbox.net/vk/facilisTowne.png',59755,'{\"owner\": \"Mohammad Kuhlman\"}',1,'1981-11-26 08:05:16','2022-09-05 16:45:10'),(25,92,'https://dropbox.net/vk/doloremStracke.png',865685,'{\"owner\": \"Olaf Toy\"}',3,'2011-02-14 14:50:44','2022-09-05 16:45:10'),(26,7,'https://dropbox.net/vk/doloribusLedner.mpeg',139161,'{\"owner\": \"Jonathan Kessler\"}',1,'2005-06-11 02:11:02','2022-09-05 16:45:10'),(27,6,'https://dropbox.net/vk/repellatLeuschke.jpg',723382405,'{\"owner\": \"Shana Heidenreich\"}',1,'2001-01-21 05:18:17','2022-09-05 16:45:10'),(28,46,'https://dropbox.net/vk/cupiditateLedner.avi',88750,'{\"owner\": \"Ezequiel Will\"}',3,'2007-11-12 09:50:19','2022-09-05 16:45:10'),(29,15,'https://dropbox.net/vk/quiaLedner.mpeg',16270,'{\"owner\": \"Warren Reinger\"}',1,'1971-08-28 20:45:46','2022-09-05 16:45:10'),(30,72,'https://dropbox.net/vk/praesentiumHarvey.avi',912495,'{\"owner\": \"Lavern Heller\"}',2,'2011-05-12 00:46:14','2022-09-05 16:45:10'),(31,18,'https://dropbox.net/vk/occaecatiWiza.mpeg',805100,'{\"owner\": \"Virgil Dibbert\"}',2,'1981-10-23 06:40:59','2022-09-05 16:45:10'),(32,2,'https://dropbox.net/vk/veroDouglas.mpeg',966690,'{\"owner\": \"Alexanne Wintheiser\"}',2,'2013-04-17 07:02:53','2022-09-05 16:45:10'),(33,75,'https://dropbox.net/vk/nonJenkins.jpg',408149,'{\"owner\": \"Mina Gusikowski\"}',1,'1984-12-19 01:34:10','2022-09-05 16:45:10'),(34,100,'https://dropbox.net/vk/quidemLakin.mpeg',23516739,'{\"owner\": \"Shaun Wiza\"}',3,'1981-12-17 01:21:40','2022-09-05 16:45:10'),(35,14,'https://dropbox.net/vk/recusandaeLeuschke.jpg',84508670,'{\"owner\": \"Narciso Wintheiser\"}',1,'1975-02-01 14:46:09','2022-09-05 16:45:10'),(36,70,'https://dropbox.net/vk/etHerman.mpeg',130675,'{\"owner\": \"Tania Smith\"}',3,'2009-03-14 21:29:31','2022-09-05 16:45:10'),(37,98,'https://dropbox.net/vk/inciduntHeidenreich.mpeg',14659,'{\"owner\": \"Sanford Erdman\"}',2,'2008-04-26 20:34:57','2022-09-05 16:45:10'),(38,29,'https://dropbox.net/vk/cupiditateGusikowski.png',418929,'{\"owner\": \"Geovanny Kozey\"}',1,'1978-07-27 13:19:47','2022-09-05 16:45:10'),(39,58,'https://dropbox.net/vk/temporeHeller.mpeg',668099706,'{\"owner\": \"Raphaelle Yost\"}',2,'1973-04-13 22:30:52','2022-09-05 16:45:10'),(40,34,'https://dropbox.net/vk/sedJenkins.mpeg',389233781,'{\"owner\": \"Fatima Bailey\"}',3,'2009-11-10 08:02:52','2022-09-05 16:45:10'),(41,21,'https://dropbox.net/vk/aliquamWiza.jpg',492321300,'{\"owner\": \"Hector Wilkinson\"}',2,'2020-01-28 00:18:30','2022-09-05 16:45:10'),(42,90,'https://dropbox.net/vk/facilisStracke.mpeg',5893770,'{\"owner\": \"Kendra Abshire\"}',3,'1979-09-30 07:17:36','2022-09-05 16:45:10'),(43,19,'https://dropbox.net/vk/dictaBailey.jpg',3678337,'{\"owner\": \"Andrew Hegmann\"}',3,'1976-01-01 06:56:50','2022-09-05 16:45:10'),(44,40,'https://dropbox.net/vk/facilisThompson.avi',2524,'{\"owner\": \"Makenzie Vandervort\"}',1,'1986-06-10 14:52:03','2022-09-05 16:45:10'),(45,86,'https://dropbox.net/vk/ducimusHeathcote.png',692619,'{\"owner\": \"Barry Stracke\"}',1,'1994-10-18 18:48:45','2022-09-05 16:45:10'),(46,65,'https://dropbox.net/vk/voluptatemKreiger.avi',196312,'{\"owner\": \"Dayton Jenkins\"}',2,'2009-10-25 19:58:41','2022-09-05 16:45:10'),(47,51,'https://dropbox.net/vk/harumHeidenreich.mpeg',5154373,'{\"owner\": \"Lester Bashirian\"}',1,'2006-06-01 20:22:46','2022-09-05 16:45:10'),(48,76,'https://dropbox.net/vk/utStracke.jpg',36408,'{\"owner\": \"Ubaldo Ledner\"}',2,'2002-10-13 16:56:05','2022-09-05 16:45:10'),(49,80,'https://dropbox.net/vk/maioresVonRueden.mpeg',893700,'{\"owner\": \"Antonia Nitzsche\"}',1,'1986-06-17 15:09:07','2022-09-05 16:45:10'),(50,35,'https://dropbox.net/vk/eligendiLeuschke.jpg',869566,'{\"owner\": \"Jessica Baumbach\"}',1,'2020-11-04 13:53:42','2022-09-05 16:45:10'),(51,45,'https://dropbox.net/vk/etUpton.jpg',69274306,'{\"owner\": \"Korbin Stracke\"}',2,'1984-12-25 15:30:20','2022-09-05 16:45:10'),(52,37,'https://dropbox.net/vk/nemoAbbott.png',9117428,'{\"owner\": \"Armani Murphy\"}',3,'1985-06-19 13:26:16','2022-09-05 16:45:10'),(53,86,'https://dropbox.net/vk/porroEmmerich.png',370455900,'{\"owner\": \"Barry Stracke\"}',3,'2006-06-14 20:35:10','2022-09-05 16:45:10'),(54,3,'https://dropbox.net/vk/debitisDietrich.png',467398582,'{\"owner\": \"Jena Wintheiser\"}',2,'1974-12-27 18:43:58','2022-09-05 16:45:10'),(55,72,'https://dropbox.net/vk/quiaWilkinson.png',467970,'{\"owner\": \"Lavern Heller\"}',2,'2003-01-23 11:19:31','2022-09-05 16:45:10'),(56,42,'https://dropbox.net/vk/asperioresLang.avi',493174758,'{\"owner\": \"Cordell Emard\"}',2,'1999-07-02 20:42:31','2022-09-05 16:45:10'),(57,43,'https://dropbox.net/vk/quiHomenick.avi',656730,'{\"owner\": \"Gust Crooks\"}',2,'1970-11-09 22:15:44','2022-09-05 16:45:10'),(58,28,'https://dropbox.net/vk/liberoWintheiser.avi',1066,'{\"owner\": \"Deven Herman\"}',3,'2004-06-03 18:56:08','2022-09-05 16:45:10'),(59,35,'https://dropbox.net/vk/nesciuntSmitham.avi',664954,'{\"owner\": \"Jessica Baumbach\"}',1,'2006-02-09 09:12:17','2022-09-05 16:45:10'),(60,12,'https://dropbox.net/vk/iureHerman.avi',669994,'{\"owner\": \"Leora Jast\"}',3,'2002-06-18 08:45:04','2022-09-05 16:45:10'),(61,13,'https://dropbox.net/vk/nonHomenick.avi',344580,'{\"owner\": \"Israel Yost\"}',3,'2017-02-19 12:22:22','2022-09-05 16:45:10'),(62,34,'https://dropbox.net/vk/nobisSmith.jpg',718036,'{\"owner\": \"Fatima Bailey\"}',3,'1996-11-15 08:17:12','2022-09-05 16:45:10'),(63,24,'https://dropbox.net/vk/accusamusHomenick.avi',65634585,'{\"owner\": \"Tristian Pollich\"}',2,'1981-09-02 17:02:29','2022-09-05 16:45:10'),(64,37,'https://dropbox.net/vk/blanditiisHegmann.avi',66868,'{\"owner\": \"Armani Murphy\"}',3,'1998-06-27 02:40:09','2022-09-05 16:45:10'),(65,90,'https://dropbox.net/vk/nostrumGaylord.png',27974429,'{\"owner\": \"Kendra Abshire\"}',2,'1997-02-25 16:56:38','2022-09-05 16:45:10'),(66,63,'https://dropbox.net/vk/ipsaBartoletti.png',9089,'{\"owner\": \"Shania Leuschke\"}',3,'1983-10-28 09:13:07','2022-09-05 16:45:10'),(67,81,'https://dropbox.net/vk/exercitationemKozey.avi',7913,'{\"owner\": \"Tia Douglas\"}',3,'2019-01-28 20:37:20','2022-09-05 16:45:10'),(68,77,'https://dropbox.net/vk/quiaCorkery.png',562782,'{\"owner\": \"Imani Kreiger\"}',1,'2008-11-07 18:51:35','2022-09-05 16:45:10'),(69,19,'https://dropbox.net/vk/natusSmitham.mpeg',910964,'{\"owner\": \"Andrew Hegmann\"}',1,'1973-12-12 20:33:59','2022-09-05 16:45:10'),(70,66,'https://dropbox.net/vk/eumSchuppe.png',546443,'{\"owner\": \"Emma Kovacek\"}',1,'1975-11-06 01:13:34','2022-09-05 16:45:10'),(71,78,'https://dropbox.net/vk/remVandervort.avi',2290761,'{\"owner\": \"Sylvester Heidenreich\"}',2,'1981-11-17 22:41:43','2022-09-05 16:45:10'),(72,76,'https://dropbox.net/vk/cumqueHeidenreich.jpg',387225,'{\"owner\": \"Ubaldo Ledner\"}',2,'2007-05-20 17:19:54','2022-09-05 16:45:10'),(73,49,'https://dropbox.net/vk/pariaturWill.png',34936,'{\"owner\": \"Wilber Gaylord\"}',3,'1999-05-21 22:38:23','2022-09-05 16:45:10'),(74,37,'https://dropbox.net/vk/inLarkin.png',49223,'{\"owner\": \"Armani Murphy\"}',2,'1982-09-03 23:26:32','2022-09-05 16:45:10'),(75,57,'https://dropbox.net/vk/cumqueSmitham.jpg',568108,'{\"owner\": \"Corine Koelpin\"}',1,'1982-05-23 17:38:01','2022-09-05 16:45:10'),(76,48,'https://dropbox.net/vk/quisDonnelly.mpeg',3044037,'{\"owner\": \"Enola Homenick\"}',3,'1983-07-21 21:00:09','2022-09-05 16:45:10'),(77,94,'https://dropbox.net/vk/molestiaeMarks.mpeg',191209,'{\"owner\": \"Elise Schmidt\"}',3,'1991-10-26 09:50:41','2022-09-05 16:45:10'),(78,54,'https://dropbox.net/vk/autemHeathcote.avi',241722,'{\"owner\": \"Marietta Corkery\"}',2,'2010-04-15 03:47:58','2022-09-05 16:45:10'),(79,73,'https://dropbox.net/vk/estLockman.mpeg',2574,'{\"owner\": \"Oceane Stroman\"}',2,'2016-10-03 08:52:24','2022-09-05 16:45:10'),(80,88,'https://dropbox.net/vk/minusHegmann.png',3923796,'{\"owner\": \"Merritt Dietrich\"}',2,'1996-05-20 14:12:15','2022-09-05 16:45:10'),(81,15,'https://dropbox.net/vk/suntBeer.avi',804173,'{\"owner\": \"Warren Reinger\"}',1,'1992-04-20 23:36:34','2022-09-05 16:45:10'),(82,92,'https://dropbox.net/vk/eumUpton.png',633713895,'{\"owner\": \"Olaf Toy\"}',2,'2000-05-01 03:46:06','2022-09-05 16:45:10'),(83,7,'https://dropbox.net/vk/illumAbshire.mpeg',624986,'{\"owner\": \"Jonathan Kessler\"}',1,'1987-08-03 22:38:29','2022-09-05 16:45:10'),(84,98,'https://dropbox.net/vk/hicHeller.png',389763,'{\"owner\": \"Sanford Erdman\"}',1,'1994-10-10 03:57:37','2022-09-05 16:45:10'),(85,95,'https://dropbox.net/vk/voluptateWilkinson.avi',2385,'{\"owner\": \"Hayley Rogahn\"}',1,'2022-02-15 01:20:02','2022-09-05 16:45:10'),(86,27,'https://dropbox.net/vk/etLeuschke.mpeg',63859,'{\"owner\": \"Jadon Reilly\"}',2,'1977-01-10 04:39:44','2022-09-05 16:45:10'),(87,44,'https://dropbox.net/vk/minimaAbbott.avi',425400,'{\"owner\": \"Audra Beer\"}',1,'2005-06-28 02:36:14','2022-09-05 16:45:10'),(88,93,'https://dropbox.net/vk/vitaeToy.png',79586242,'{\"owner\": \"Judah Schumm\"}',3,'1972-07-23 13:53:24','2022-09-05 16:45:10'),(89,61,'https://dropbox.net/vk/autDonnelly.jpg',581330118,'{\"owner\": \"Stephon Bartell\"}',2,'2021-10-29 14:59:49','2022-09-05 16:45:10'),(90,18,'https://dropbox.net/vk/accusantiumKessler.png',2420428,'{\"owner\": \"Virgil Dibbert\"}',3,'1985-03-12 14:32:42','2022-09-05 16:45:10'),(91,94,'https://dropbox.net/vk/enimKessler.jpg',607975,'{\"owner\": \"Elise Schmidt\"}',2,'2004-02-25 02:37:06','2022-09-05 16:45:10'),(92,17,'https://dropbox.net/vk/suntBeer.mpeg',245419077,'{\"owner\": \"Jerry Larkin\"}',1,'1992-06-11 22:04:46','2022-09-05 16:45:10'),(93,71,'https://dropbox.net/vk/culpaJenkins.png',57029,'{\"owner\": \"Haven Lehner\"}',2,'2019-12-09 20:20:19','2022-09-05 16:45:10'),(94,1,'https://dropbox.net/vk/fugitWiza.png',50219,'{\"owner\": \"Stewart Carroll\"}',3,'1999-04-03 16:05:40','2022-09-05 16:45:10'),(95,72,'https://dropbox.net/vk/earumAbbott.jpg',8745,'{\"owner\": \"Lavern Heller\"}',1,'1980-08-19 19:20:45','2022-09-05 16:45:10'),(96,47,'https://dropbox.net/vk/isteBarton.jpg',140007,'{\"owner\": \"Leola Harvey\"}',2,'1985-01-17 05:42:46','2022-09-05 16:45:10'),(97,51,'https://dropbox.net/vk/hicWintheiser.mpeg',33210788,'{\"owner\": \"Lester Bashirian\"}',2,'1989-06-24 04:39:20','2022-09-05 16:45:10'),(98,30,'https://dropbox.net/vk/dolorVonRueden.mpeg',152009186,'{\"owner\": \"Mason Quitzon\"}',2,'1989-07-20 12:18:04','2022-09-05 16:45:10'),(99,17,'https://dropbox.net/vk/reprehenderitWintheiser.jpg',498456,'{\"owner\": \"Jerry Larkin\"}',2,'2010-08-24 21:21:13','2022-09-05 16:45:10'),(100,50,'https://dropbox.net/vk/molestiaeStracke.avi',59969632,'{\"owner\": \"Jaunita Hermann\"}',2,'2009-02-03 07:07:19','2022-09-05 16:45:10');
/*!40000 ALTER TABLE `media` ENABLE KEYS */;
UNLOCK TABLES;

--
-- Table structure for table `media_likes`
--

DROP TABLE IF EXISTS `media_likes`;
/*!40101 SET @saved_cs_client     = @@character_set_client */;
/*!50503 SET character_set_client = utf8mb4 */;
CREATE TABLE `media_likes` (
  `media_id` int unsigned NOT NULL COMMENT '╨б╤Б╤Л╨╗╨║╨░ ╨╜╨░ ╨┐╨╛╨╗╤М╨╖╨╛╨▓╨░╤В╨╡╨╗╤П',
  `count` int unsigned DEFAULT NULL COMMENT '╨Ъ╨╛╨╗╨╕╤З╨╡╤Б╤В╨▓╨╛ ╨╗╨░╨╣╨║╨╛╨▓ ╨┐╨╛╨╗╤М╨╖╨╛╨▓╨░╤В╨╡╨╗╤П'
) ENGINE=InnoDB DEFAULT CHARSET=utf8mb4 COLLATE=utf8mb4_unicode_ci COMMENT='╨Ы╨░╨╣╨║╨╕ ╨┐╨╛╨╗╤М╨╖╨╛╨▓╨░╤В╨╡╨╗╨╡╨╣';
/*!40101 SET character_set_client = @saved_cs_client */;

--
-- Dumping data for table `media_likes`
--

LOCK TABLES `media_likes` WRITE;
/*!40000 ALTER TABLE `media_likes` DISABLE KEYS */;
INSERT INTO `media_likes` VALUES (1,4872395),(2,15),(3,106549340),(4,84367),(5,59160035),(6,0),(7,99727),(8,39),(9,25),(10,932761868),(11,86),(12,6556),(13,4944),(14,0),(15,0),(16,418),(17,13757),(18,46339760),(19,22945),(20,0),(21,257282560),(22,85),(23,60485000),(24,3095),(25,3119080),(26,9863093),(27,7398),(28,844818542),(29,124127),(30,2822),(31,9638),(32,189901503),(33,1338),(34,5567332),(35,391427896),(36,94029),(37,358),(38,16505135),(39,788309117),(40,72),(41,5520030),(42,722290),(43,9),(44,37),(45,822),(46,438),(47,10755485),(48,6721),(49,89149),(50,19697318),(51,9),(52,0),(53,975333335),(54,7),(55,4096642),(56,624223),(57,34968087),(58,2924),(59,983437194),(60,527326180),(61,5434478),(62,706320),(63,45529),(64,0),(65,9548),(66,0),(67,778),(68,69),(69,509),(70,587482),(71,209949612),(72,843),(73,34),(74,7),(75,151608),(76,43904),(77,76457),(78,285763375),(79,4),(80,347177533),(81,956308),(82,96452),(83,470),(84,28),(85,43509),(86,5),(87,891),(88,1786),(89,7006027),(90,0),(91,7),(92,446),(93,210689),(94,1945389),(95,4501122),(96,5423),(97,293),(98,390),(99,5829),(100,561075);
/*!40000 ALTER TABLE `media_likes` ENABLE KEYS */;
UNLOCK TABLES;

--
-- Table structure for table `media_types`
--

DROP TABLE IF EXISTS `media_types`;
/*!40101 SET @saved_cs_client     = @@character_set_client */;
/*!50503 SET character_set_client = utf8mb4 */;
CREATE TABLE `media_types` (
  `id` int unsigned NOT NULL AUTO_INCREMENT COMMENT '╨Ш╨┤╨╡╨╜╤В╨╕╤Д╨╕╨║╨░╤В╨╛╤А ╤Б╤В╤А╨╛╨║╨╕',
  `name` varchar(255) CHARACTER SET utf8mb4 COLLATE utf8mb4_unicode_ci NOT NULL COMMENT '╨Э╨░╨╖╨▓╨░╨╜╨╕╨╡ ╤В╨╕╨┐╨░',
  `created_at` datetime DEFAULT CURRENT_TIMESTAMP COMMENT '╨Т╤А╨╡╨╝╤П ╤Б╨╛╨╖╨┤╨░╨╜╨╕╤П ╤Б╤В╤А╨╛╨║╨╕',
  `updated_at` datetime DEFAULT CURRENT_TIMESTAMP ON UPDATE CURRENT_TIMESTAMP COMMENT '╨Т╤А╨╡╨╝╤П ╨╛╨▒╨╜╨╛╨▓╨╗╨╡╨╜╨╕╤П ╤Б╤В╤А╨╛╨║╨╕',
  PRIMARY KEY (`id`),
  UNIQUE KEY `name` (`name`)
) ENGINE=InnoDB AUTO_INCREMENT=4 DEFAULT CHARSET=utf8mb4 COLLATE=utf8mb4_unicode_ci COMMENT='╨в╨╕╨┐╤Л ╨╝╨╡╨┤╨╕╨░╤Д╨░╨╣╨╗╨╛╨▓';
/*!40101 SET character_set_client = @saved_cs_client */;

--
-- Dumping data for table `media_types`
--

LOCK TABLES `media_types` WRITE;
/*!40000 ALTER TABLE `media_types` DISABLE KEYS */;
INSERT INTO `media_types` VALUES (1,'photo','2022-09-05 16:09:12','2022-09-05 16:09:12'),(2,'video','2022-09-05 16:09:12','2022-09-05 16:09:12'),(3,'audio','2022-09-05 16:09:12','2022-09-05 16:09:12');
/*!40000 ALTER TABLE `media_types` ENABLE KEYS */;
UNLOCK TABLES;

--
-- Table structure for table `messages`
--

DROP TABLE IF EXISTS `messages`;
/*!40101 SET @saved_cs_client     = @@character_set_client */;
/*!50503 SET character_set_client = utf8mb4 */;
CREATE TABLE `messages` (
  `id` int unsigned NOT NULL AUTO_INCREMENT COMMENT '╨Ш╨┤╨╡╨╜╤В╨╕╤Д╨╕╨║╨░╤В╨╛╤А ╤Б╤В╤А╨╛╨║╨╕',
  `from_user_id` int unsigned NOT NULL COMMENT '╨б╤Б╤Л╨╗╨║╨░ ╨╜╨░ ╨╛╤В╨┐╤А╨░╨▓╨╕╤В╨╡╨╗╤П ╤Б╨╛╨╛╨▒╤Й╨╡╨╜╨╕╤П',
  `to_user_id` int unsigned NOT NULL COMMENT '╨б╤Б╤Л╨╗╨║╨░ ╨╜╨░ ╨┐╨╛╨╗╤Г╤З╨░╤В╨╡╨╗╤П ╤Б╨╛╨╛╨▒╤Й╨╡╨╜╨╕╤П',
  `body` text CHARACTER SET utf8mb4 COLLATE utf8mb4_unicode_ci NOT NULL COMMENT '╨в╨╡╨║╤Б╤В ╤Б╨╛╨╛╨▒╤Й╨╡╨╜╨╕╤П',
  `is_important` tinyint(1) DEFAULT NULL COMMENT '╨Я╤А╨╕╨╖╨╜╨░╨║ ╨▓╨░╨╢╨╜╨╛╤Б╤В╨╕',
  `is_delivered` tinyint(1) DEFAULT NULL COMMENT '╨Я╤А╨╕╨╖╨╜╨░╨║ ╨┤╨╛╤Б╤В╨░╨▓╨║╨╕',
  `created_at` datetime DEFAULT CURRENT_TIMESTAMP COMMENT '╨Т╤А╨╡╨╝╤П ╤Б╨╛╨╖╨┤╨░╨╜╨╕╤П ╤Б╤В╤А╨╛╨║╨╕',
  `updated_at` datetime DEFAULT CURRENT_TIMESTAMP ON UPDATE CURRENT_TIMESTAMP COMMENT '╨Т╤А╨╡╨╝╤П ╨╛╨▒╨╜╨╛╨▓╨╗╨╡╨╜╨╕╤П ╤Б╤В╤А╨╛╨║╨╕',
  PRIMARY KEY (`id`)
) ENGINE=InnoDB AUTO_INCREMENT=101 DEFAULT CHARSET=utf8mb4 COLLATE=utf8mb4_unicode_ci COMMENT='╨б╨╛╨╛╨▒╤Й╨╡╨╜╨╕╤П';
/*!40101 SET character_set_client = @saved_cs_client */;

--
-- Dumping data for table `messages`
--

LOCK TABLES `messages` WRITE;
/*!40000 ALTER TABLE `messages` DISABLE KEYS */;
INSERT INTO `messages` VALUES (1,45,100,'Officia vel voluptas et natus. Quis sint ipsa ut saepe. Est voluptatibus ab soluta omnis.',1,1,'1978-12-24 23:05:35','2022-09-05 15:36:00'),(2,62,11,'Aut voluptas officia earum voluptas tenetur veniam accusantium. Quam laboriosam officia omnis non asperiores. Dolor maxime vel dolorem sit exercitationem natus. Ducimus quam aut repellendus similique illum molestias.',1,0,'1982-03-12 03:04:46','2022-09-05 15:36:00'),(3,66,98,'Dolorem autem dolore error ipsa et itaque. Eum suscipit eos et hic. Molestiae mollitia illum ipsa.',1,0,'2020-12-04 12:17:09','2022-09-05 15:36:00'),(4,90,58,'Perferendis maxime repudiandae maiores mollitia placeat hic a laudantium. Sit neque qui ducimus. Ullam et eum id quia. Quia qui laudantium deserunt qui qui omnis nulla.',0,1,'2019-05-29 10:04:34','2022-09-05 15:36:00'),(5,18,16,'Tempora quia similique non ab laudantium sed. Enim dolorem omnis esse quaerat. Voluptatum nihil quidem explicabo voluptatem modi non laborum.',1,1,'2020-08-22 17:32:14','2022-09-05 15:36:00'),(6,27,86,'Eveniet suscipit perspiciatis provident et omnis dolores dicta. Cupiditate qui accusamus in blanditiis et. Magnam nulla recusandae veniam distinctio illo id rerum. Ipsum reiciendis veniam quia ex nesciunt laborum beatae.',1,0,'1972-11-11 10:07:42','2022-09-05 15:36:00'),(7,49,85,'Sed explicabo voluptas sed officiis ut laboriosam animi nobis. Et laborum consequatur est eos et. Placeat earum et veniam quia dolore. Doloremque quidem eaque laborum consequuntur tempore quia asperiores provident.',1,0,'1978-07-29 21:43:18','2022-09-05 15:36:00'),(8,78,36,'Molestiae molestiae nesciunt quis possimus placeat harum molestiae. Quo blanditiis quidem cum ut aut dolores. Corrupti deserunt qui officia nobis et.',0,0,'2017-10-31 20:33:19','2022-09-05 15:36:00'),(9,46,20,'Laudantium veniam quisquam nihil asperiores et dolor. Repellat quas ut ea natus eius. Accusamus sit doloremque perspiciatis.',1,1,'2017-02-19 15:00:32','2022-09-05 15:36:00'),(10,63,54,'Est quos placeat expedita illo. Veritatis harum aut earum consequatur occaecati cum. Aperiam voluptas magni asperiores similique aspernatur repellat blanditiis.',0,1,'1987-05-25 16:53:12','2022-09-05 15:36:00'),(11,80,40,'Porro dolorum quos dolor rerum inventore dolorum. Laborum ducimus quis sit natus architecto. Est voluptate mollitia ex. At aut sapiente porro velit nobis quaerat quisquam.',1,1,'2001-02-01 12:03:20','2022-09-05 15:36:00'),(12,57,65,'Tempore doloremque illum id ea quia ea. Voluptas voluptatibus nihil magnam itaque. Explicabo occaecati placeat doloremque et cumque voluptatem.',1,0,'1976-01-11 13:04:07','2022-09-05 15:36:00'),(13,53,70,'Expedita sunt quisquam mollitia saepe et. Illo et autem et explicabo. Autem dolore tenetur ducimus aut et qui. Dicta perspiciatis impedit ipsam voluptas et mollitia sint.',1,0,'1995-08-02 23:12:25','2022-09-05 15:36:00'),(14,89,34,'Commodi quos non beatae suscipit. Odit asperiores ullam amet nostrum qui quas et sit. Quia dolores praesentium omnis. Sunt quam nihil qui et vel est.',1,1,'2003-05-09 08:33:14','2022-09-05 15:36:00'),(15,5,21,'At iste est quisquam reiciendis beatae. Qui earum distinctio adipisci alias est vel iusto et. Ducimus perferendis perferendis omnis illum. Vel non magni vel possimus cumque et vero. Autem quia saepe voluptatibus fugit fugit velit.',1,0,'1986-01-21 22:03:47','2022-09-05 15:36:00'),(16,89,81,'Voluptatibus rerum eveniet eius et odit ut autem tempora. Et quos optio repellendus adipisci. Sunt nobis mollitia a quis eaque. Suscipit labore voluptas dolore deserunt commodi sed maiores tempora.',0,1,'1970-11-08 06:20:25','2022-09-05 15:36:00'),(17,40,53,'Ut est id velit quos blanditiis in. Cupiditate non ad placeat nisi officiis. Eaque neque placeat aut earum quia porro.',0,0,'1972-10-31 07:42:49','2022-09-05 15:36:00'),(18,48,77,'Ea voluptates aut rerum nisi facere occaecati. Ipsa odio amet velit saepe excepturi commodi. Rerum sint dolorem alias qui eveniet ut.',1,1,'1977-09-14 23:26:35','2022-09-05 15:36:00'),(19,43,84,'Quo quam eos enim asperiores quis. Qui fugiat eligendi aut excepturi. Commodi praesentium ea consequatur dicta enim cum. Laudantium consectetur hic ipsum et repudiandae officiis. Atque animi reiciendis ab nam ab.',1,0,'2010-02-17 20:43:37','2022-09-05 15:36:00'),(20,91,100,'Assumenda reprehenderit quasi nisi ullam sint quos id vel. Qui quae sed facilis exercitationem. Consequatur assumenda odit qui nostrum nobis aut voluptas quasi. Repellendus ut doloribus fugit quos qui. Sint a dolorum tempora dolor consectetur.',1,1,'2020-05-31 17:12:14','2022-09-05 15:36:00'),(21,29,43,'Itaque aut quo atque sequi accusantium. Beatae officia qui amet id rerum excepturi. Vero debitis iure dicta.',1,0,'2007-03-29 06:12:35','2022-09-05 15:36:00'),(22,29,16,'Ex nesciunt maiores nihil aut quisquam. Qui voluptatem quia a id inventore quia similique. Ullam odit provident delectus dolores tempore ea. Consequatur laudantium qui consequatur quas rerum qui.',1,0,'2011-03-12 15:43:55','2022-09-05 15:36:00'),(23,93,16,'Sed rem sit est provident laudantium et vero. Suscipit id aut quibusdam magni. Mollitia qui voluptas voluptate veniam distinctio corrupti eos at. Qui eos et sapiente.',0,0,'1979-11-15 05:20:38','2022-09-05 15:36:00'),(24,98,45,'Et molestiae saepe sapiente iusto et tempora ducimus sit. Repellat quam similique omnis occaecati. Dolor illum dolorem voluptas eligendi.',1,0,'1975-01-20 15:34:36','2022-09-05 15:36:00'),(25,28,6,'Impedit est voluptas nihil quam dicta. Sit natus corrupti est et aliquam ipsam. Non soluta id sunt.',0,0,'1993-05-06 14:42:13','2022-09-05 15:36:00'),(26,44,2,'Culpa odit ut odit neque vitae sit eveniet. Perferendis error et reprehenderit quod magni animi et. In adipisci et vero asperiores.',0,0,'1999-12-18 15:51:18','2022-09-05 15:36:00'),(27,76,75,'Aut aperiam explicabo officia. Soluta voluptatem molestias id perferendis sit enim.',1,0,'2021-11-26 20:16:32','2022-09-05 15:36:00'),(28,47,10,'Hic placeat laboriosam iusto et ut aut et. Quam doloremque tenetur quasi esse culpa. Vitae quibusdam libero voluptas ipsa. Qui quasi omnis architecto quia facere et consequuntur.',0,1,'2008-06-27 08:46:32','2022-09-05 15:36:00'),(29,7,4,'Ut esse sit fugit aut. Quis perferendis consectetur est cum. Officia amet qui facilis aliquid non quibusdam officia. Ratione quia nemo asperiores quo et voluptas ratione qui.',0,0,'2015-02-03 03:51:12','2022-09-05 15:36:00'),(30,98,79,'Sapiente blanditiis repudiandae autem fugiat placeat et. Sit qui nesciunt beatae autem quod voluptatem. Ut illum distinctio consequatur.',1,0,'1982-01-10 13:47:49','2022-09-05 15:36:00'),(31,98,54,'Magni earum cum est in. Eos rerum assumenda culpa vel ea. Quos non sint sunt qui. Voluptas modi quaerat ad necessitatibus eaque.',1,0,'2014-05-02 20:05:53','2022-09-05 15:36:00'),(32,73,6,'Reprehenderit assumenda tempora dolorem molestiae totam nihil. Amet fuga ex doloribus. Asperiores repellat vel vel eaque et vero accusantium.',0,0,'2017-01-27 10:26:45','2022-09-05 15:36:00'),(33,8,24,'Totam quasi beatae occaecati et. Ut eum quos distinctio repudiandae iure eos possimus. Amet odit impedit inventore sapiente saepe.',1,0,'1981-01-23 20:47:53','2022-09-05 15:36:00'),(34,95,3,'Neque eum qui itaque provident. Cumque iste accusamus ipsum ipsa et autem et.',1,1,'1977-08-18 11:56:55','2022-09-05 15:36:00'),(35,29,37,'Hic quis nostrum voluptatem consequatur iure. Ut iste placeat voluptas earum nihil quasi.',1,0,'2010-08-18 08:38:11','2022-09-05 15:36:00'),(36,95,66,'Dolorem enim tempore qui reiciendis hic. Voluptatem voluptatem quibusdam ea nemo dolore et. Libero aspernatur autem velit non molestiae illo.',0,1,'1976-12-06 22:50:42','2022-09-05 15:36:00'),(37,45,27,'Nam velit alias aut consectetur eum. Perspiciatis eum voluptas eaque sit consequuntur. Ipsam adipisci qui fugiat id ad officiis velit. Quis quis id quis. A velit porro quia et fuga rerum sint.',1,1,'1989-04-30 13:59:31','2022-09-05 15:36:00'),(38,98,11,'Ut omnis id et ea. Quasi nostrum ea cumque. Fugiat nulla quia corrupti assumenda et omnis. Qui veritatis modi quam est consequatur ea mollitia.',0,0,'2016-05-06 02:40:36','2022-09-05 15:36:00'),(39,57,54,'Explicabo et et incidunt sed architecto aspernatur. Expedita animi ipsum sapiente voluptas. Facere adipisci sint aliquam soluta sed ea.',0,0,'1995-01-09 08:30:47','2022-09-05 15:36:00'),(40,99,31,'Ut sapiente non esse repellendus accusantium. Sint facere unde quidem quae velit molestias doloribus. Temporibus velit nulla eligendi ut est error.',1,0,'1982-08-04 10:32:11','2022-09-05 15:36:00'),(41,57,93,'Unde soluta explicabo sed esse et perspiciatis doloribus. Illo reprehenderit in corporis et laborum est. Debitis fugiat aut deserunt accusamus itaque harum quod. Eum voluptas quidem delectus aliquid facilis in consequatur.',1,1,'1977-03-23 10:00:48','2022-09-05 15:36:00'),(42,92,81,'Quod provident voluptas fuga et. Modi saepe tenetur sapiente earum dolorem qui est itaque. Et commodi non non officiis odio.',1,1,'1978-10-17 16:21:11','2022-09-05 15:36:00'),(43,27,93,'Temporibus necessitatibus voluptatem ut sed corrupti. Fugit est sint non dolore aut. Aspernatur architecto esse repellendus modi dolorem ipsam voluptas corrupti. Iure et inventore voluptatum accusamus totam iure quae.',1,0,'1991-05-01 14:06:20','2022-09-05 15:36:00'),(44,83,37,'Consequatur quia quas tenetur quia quis sed. Enim voluptate recusandae ratione quae. Iure quam qui ipsum exercitationem incidunt at quis dolores. Voluptatem odio reprehenderit harum sed nesciunt nostrum.',0,0,'2013-05-25 18:44:01','2022-09-05 15:36:00'),(45,35,65,'Sunt optio tempore velit. Voluptatem ipsum nam quia incidunt sapiente adipisci. Nihil sapiente magnam qui exercitationem sit qui tenetur.',0,0,'2011-08-22 01:28:39','2022-09-05 15:36:00'),(46,19,1,'Assumenda et et ullam corrupti aliquam. Saepe accusamus et iste et dicta quam. Consequuntur et et nostrum autem consequatur. Non ab atque asperiores non repellat minima mollitia.',0,1,'1993-11-03 15:53:07','2022-09-05 15:36:00'),(47,46,27,'Voluptatibus maiores amet et ut vitae non beatae et. Quas ducimus nisi quas sed ut. Adipisci ipsa neque numquam qui tempora itaque nobis.',1,1,'1997-02-08 16:31:07','2022-09-05 15:36:00'),(48,95,96,'Nisi sapiente molestiae autem nam quia omnis rerum. Error quia laborum eum omnis aut. Dolore et numquam eum quam magnam.',0,0,'1989-01-05 22:40:55','2022-09-05 15:36:00'),(49,93,75,'Voluptatem velit et porro est voluptas. Minus et fuga voluptatum ea.',0,1,'1995-06-24 16:09:24','2022-09-05 15:36:00'),(50,98,64,'Adipisci voluptas tempora alias iure temporibus autem nihil. Consequatur ut laborum fugit omnis minus et eum aut. Rerum ut saepe vel aliquid. Possimus sit sapiente earum quo ut corrupti.',1,0,'1983-10-02 00:09:40','2022-09-05 15:36:00'),(51,27,41,'Dolor qui soluta voluptate et non. Eligendi et id soluta quas possimus odit. Quod a voluptas distinctio vitae ad voluptatem. Et adipisci praesentium est a quos ea iste.',0,0,'1981-02-25 16:00:55','2022-09-05 15:36:00'),(52,23,92,'Officiis temporibus voluptas ea eos molestiae minima voluptas doloremque. Voluptate omnis voluptates ipsum aperiam velit. Aut omnis vitae consequatur ipsam quo. Magnam non et sed eaque sed sit.',0,1,'2001-03-12 09:53:35','2022-09-05 15:36:00'),(53,88,67,'Cumque rerum voluptatem voluptatum dignissimos occaecati pariatur adipisci dolores. Dolores voluptas ut eos voluptatem. Consequatur earum esse ducimus saepe laboriosam quaerat provident. Dolor qui asperiores illum vitae et et et quaerat.',0,1,'1977-01-17 00:52:35','2022-09-05 15:36:00'),(54,70,49,'Quia quis qui rem quod dolor quia nulla. Dolor molestiae sed necessitatibus repellendus molestiae tempore. Et sed possimus vel qui. Sed aut vel laudantium nulla aperiam non. Sit exercitationem atque magnam architecto.',1,0,'1993-10-24 16:55:26','2022-09-05 15:36:00'),(55,36,29,'Non amet culpa dolor porro nobis ea doloremque. Laborum enim ea ut animi laborum. Voluptates saepe cum distinctio quis in non earum. Dolorem assumenda vero repellat sed labore.',1,1,'2018-12-13 07:44:15','2022-09-05 15:36:00'),(56,38,1,'Sint velit suscipit omnis repellat et. Atque sint vitae incidunt dolor reprehenderit quo debitis. Velit et ullam harum cupiditate cumque consequuntur. Fugit dicta ducimus dicta possimus. Non laudantium et similique dolor et minima.',1,0,'2006-08-29 03:04:36','2022-09-05 15:36:00'),(57,93,61,'Distinctio perspiciatis esse temporibus quis sed aut porro. Ratione ut temporibus dicta laboriosam et aspernatur. Officiis corrupti sed eaque saepe non hic rerum.',0,1,'1971-04-18 07:11:02','2022-09-05 15:36:00'),(58,25,40,'Sit delectus et saepe. Eaque distinctio molestias ipsa quo laborum mollitia asperiores. Voluptas qui similique quas eum accusantium debitis. Minima ut ut harum atque rerum esse est.',1,1,'1980-01-29 20:46:10','2022-09-05 15:36:00'),(59,25,4,'Nostrum ea voluptas sed deserunt aut ea repellendus quo. Ea molestiae voluptatum illum in consequatur in tenetur nesciunt. Alias repellendus facere tenetur voluptas.',0,1,'1978-06-10 04:38:59','2022-09-05 15:36:00'),(60,46,17,'Occaecati minus quisquam distinctio eum. Doloremque enim quis sequi recusandae in rerum dolores nam. Et voluptatum debitis et. Ipsa quae corrupti est amet corporis sed quia. Perspiciatis qui blanditiis laboriosam quia placeat autem.',0,1,'1994-04-18 00:44:00','2022-09-05 15:36:00'),(61,46,77,'Expedita consequuntur eveniet ipsam ipsa. Autem voluptas repellat et nisi sint voluptatum sunt. Explicabo autem necessitatibus modi nostrum magni voluptatibus nesciunt.',0,1,'1992-08-10 23:37:59','2022-09-05 15:36:00'),(62,47,4,'Inventore culpa voluptatibus reprehenderit est veritatis libero odio ullam. Iste a eius beatae itaque dolores. Illum quaerat ullam est unde id suscipit.',0,1,'1973-01-21 11:30:52','2022-09-05 15:36:00'),(63,77,72,'Porro voluptas eaque sit et a omnis sequi. Velit pariatur maxime ut quibusdam non ea.',0,1,'2006-04-20 08:21:13','2022-09-05 15:36:00'),(64,31,37,'Velit id earum eos qui assumenda. Ut et pariatur ipsum cumque quia debitis. Magnam est et ut et.',0,0,'1998-11-24 22:11:37','2022-09-05 15:36:00'),(65,93,54,'Est architecto amet voluptas vero quisquam. Quis quidem libero illum harum dolor magni. Iure fugiat corrupti iusto ad. Sequi omnis deleniti necessitatibus error consequuntur tempore.',1,0,'2005-08-30 18:05:58','2022-09-05 15:36:00'),(66,92,95,'Aut possimus qui atque rerum aperiam. Omnis at quidem odio rerum quis voluptatem porro velit. Rerum aperiam accusamus quo vero. Ut suscipit sit placeat quisquam.',0,0,'1973-08-23 00:45:24','2022-09-05 15:36:00'),(67,97,2,'Et non molestias sunt voluptatem qui atque. Ut quia sunt ipsum ut harum. In ut autem architecto quo quia.',0,0,'1999-01-23 19:18:11','2022-09-05 15:36:00'),(68,17,79,'Tempore enim labore incidunt cum ullam. Nam sequi ea cumque unde laborum. Qui in esse eligendi rerum aut. Deserunt omnis corporis quia.',1,0,'1999-12-26 14:39:44','2022-09-05 15:36:00'),(69,42,73,'Ut non unde sit voluptatem qui eum esse. Modi ab nam ipsam ad iure. Voluptatem nihil esse vero. Esse hic quis ducimus aut adipisci a cupiditate.',1,0,'2017-08-09 05:50:50','2022-09-05 15:36:00'),(70,40,81,'Id cum iusto sit quo sed et odit. Odit nulla magni labore esse et ipsa placeat aut. Quia suscipit suscipit reiciendis enim. Similique sit nihil blanditiis sequi dolorem.',1,1,'2007-01-17 23:23:21','2022-09-05 15:36:00'),(71,82,67,'Nulla cum delectus doloribus voluptate saepe sed eveniet. Et ut ut neque distinctio. Qui omnis laudantium ipsam laborum et.',0,1,'1994-07-18 10:26:58','2022-09-05 15:36:00'),(72,91,51,'Vero quia aliquid sed nisi perferendis. Aut sit consequatur ea corrupti.',0,1,'1971-02-27 14:22:47','2022-09-05 15:36:00'),(73,83,61,'Doloribus aut corrupti omnis doloribus cumque. Vel quia libero ut rem.',1,0,'1970-04-05 10:10:17','2022-09-05 15:36:00'),(74,54,86,'Eum qui deserunt temporibus quasi molestiae. Sequi amet ducimus iure. Soluta molestias atque quaerat.',0,1,'2009-02-06 04:12:09','2022-09-05 15:36:00'),(75,68,83,'Ad quibusdam aut id iusto qui voluptates. Hic id ab in similique. Ullam enim molestiae sed unde omnis id. Cumque est est cupiditate autem facere consequatur.',0,0,'1980-09-12 07:27:49','2022-09-05 15:36:00'),(76,10,1,'Tempora vero debitis et dolores. Totam officiis assumenda neque et architecto magnam tempora. Quae quasi quia aut et.',1,1,'2022-04-05 11:36:50','2022-09-05 15:36:00'),(77,75,70,'Adipisci consequatur iure quo id vel distinctio. A ipsum sit ducimus saepe. Doloremque nisi aliquid culpa asperiores id.',1,1,'2015-07-20 16:50:16','2022-09-05 15:36:00'),(78,24,11,'Est doloremque non qui dicta. Quisquam voluptas optio doloremque ipsa et. Necessitatibus perspiciatis cum animi fugit repellendus ratione et.',1,1,'2008-12-21 19:45:46','2022-09-05 15:36:00'),(79,81,72,'Optio sit laboriosam expedita architecto omnis qui et ut. Eos et autem non laborum aliquid quo quaerat. Tempore reprehenderit sint omnis itaque. Ab voluptas quia facilis aut non rerum voluptas.',1,1,'2021-10-17 11:47:27','2022-09-05 15:36:00'),(80,16,63,'Eveniet corporis in ut temporibus molestias. Consequatur provident impedit totam non similique. Nulla non earum consectetur minus qui voluptatum voluptatibus. Minus beatae possimus ad commodi voluptas.',1,1,'1975-02-26 17:59:35','2022-09-05 15:36:00'),(81,67,47,'Quaerat libero consequuntur quia animi. Enim nisi maiores autem ab inventore amet. Iusto quasi voluptates ut non rerum. Qui enim quis adipisci eaque nesciunt aut.',1,0,'2021-09-22 23:56:13','2022-09-05 15:36:00'),(82,31,14,'Et aut est autem omnis et ea. Et omnis ipsam qui accusantium eum. Et ipsam quis omnis cumque esse enim ipsam.',0,0,'1987-10-13 23:29:57','2022-09-05 15:36:00'),(83,77,42,'Ut aspernatur consequuntur ab. Sapiente et tempora deleniti magni. Et accusantium et dolores impedit deserunt.',0,1,'1988-07-19 14:11:53','2022-09-05 15:36:00'),(84,81,76,'Sed ut qui aliquid ratione at enim. Eveniet qui dolores sapiente ut et. Dolore vel neque voluptate ipsa aspernatur fugiat error.',1,1,'2007-11-19 14:12:50','2022-09-05 15:36:00'),(85,36,53,'Et dignissimos exercitationem autem nam rerum voluptatem tenetur. Dolorum qui quibusdam et. Non qui ea quia omnis est in. Cupiditate et assumenda ut aut tempore excepturi.',0,1,'1989-05-01 23:08:31','2022-09-05 15:36:00'),(86,57,24,'Nostrum accusantium distinctio dignissimos porro occaecati laudantium dolorum. Totam porro molestias doloremque doloremque commodi deserunt consequatur dicta. Sapiente doloremque sit quia nesciunt quis sequi et. Possimus itaque porro odit aspernatur.',0,0,'2009-08-14 03:27:30','2022-09-05 15:36:00'),(87,49,73,'Et sit tempore aliquam provident atque aut. Itaque ab omnis quidem dolor blanditiis id corrupti quas. Qui non qui eum possimus ipsam ipsam dolorum recusandae. Ut atque est delectus at quia repudiandae veniam omnis.',0,0,'2016-04-30 18:16:36','2022-09-05 15:36:00'),(88,17,67,'Rem rerum alias et soluta. Aut temporibus beatae est sit dolore. Veritatis illum quae ut. Eos tempora praesentium possimus.',0,0,'1979-11-04 04:25:24','2022-09-05 15:36:00'),(89,83,11,'Non magni aut eos. Nostrum ut vel aliquam non. Totam ut consequatur ex accusamus. Vel fuga eveniet perferendis explicabo.',0,0,'2000-05-14 06:28:02','2022-09-05 15:36:00'),(90,8,5,'Quasi nobis in velit veritatis. Molestiae eligendi eum et quod vel natus. Qui mollitia molestiae nam omnis molestias omnis.',1,1,'2019-07-10 13:38:07','2022-09-05 15:36:00'),(91,1,90,'Beatae velit qui aliquam. Tempora ipsam autem sit in saepe. Repellat ut non molestiae impedit necessitatibus ab vitae. Rerum non dolorum et id. Ducimus in neque mollitia nam perspiciatis.',1,0,'1978-09-28 09:30:46','2022-09-05 15:36:00'),(92,44,53,'Laudantium dolor itaque molestias voluptas. Est culpa voluptas nemo repudiandae autem nulla. Nesciunt omnis et odio est.',1,1,'2017-11-17 05:06:01','2022-09-05 15:36:00'),(93,31,95,'Nisi hic rerum beatae velit. Ex aliquid aperiam reprehenderit temporibus aliquid officiis. Ipsam nisi vero ipsa eius. Amet ut cum repellendus eos.',1,1,'2002-09-17 11:48:49','2022-09-05 15:36:00'),(94,81,20,'Modi molestias nisi ut magnam autem deleniti nesciunt. Ipsam modi sequi natus deserunt neque. Ducimus in quo qui aliquam aut enim. Nemo nihil eum perspiciatis. Deleniti accusantium consequatur iure recusandae est eum praesentium esse.',0,0,'1978-02-27 03:56:01','2022-09-05 15:36:00'),(95,56,21,'Non velit dolorem velit aliquid enim in quod et. Sed eveniet quia quia officia. Dolor voluptas voluptate maxime. Atque eaque rerum exercitationem asperiores.',0,1,'1998-09-17 00:16:10','2022-09-05 15:36:00'),(96,34,7,'Voluptatibus et voluptatum blanditiis quia. Harum est aut culpa sapiente. Autem laborum vel molestiae ea. Eligendi reprehenderit illo voluptatem eos eius.',1,1,'2004-02-09 13:43:48','2022-09-05 15:36:00'),(97,32,37,'Voluptatem culpa veritatis labore dolorem. Et temporibus eos aut amet. Deleniti est temporibus accusantium quod aut.',1,0,'1970-05-14 16:36:17','2022-09-05 15:36:00'),(98,92,46,'Exercitationem temporibus et ut occaecati rerum. Vitae rem explicabo et dicta adipisci numquam et a. Aliquam voluptatum illo quia soluta aut est. Ipsum dolorum architecto modi dicta.',1,1,'1976-01-09 22:46:21','2022-09-05 15:36:00'),(99,54,34,'Fuga culpa deleniti sit. Incidunt molestiae quia fuga id officia. Dolorum consectetur beatae officia nihil dolor adipisci inventore debitis. Nostrum ullam itaque sed saepe.',0,0,'1988-02-07 13:36:40','2022-09-05 15:36:00'),(100,5,24,'Quo quisquam ea mollitia sapiente ullam repellat eos quas. Esse iste culpa delectus vel. Et nisi expedita illo dolorum tenetur. Possimus incidunt itaque dolorem accusamus velit consectetur voluptatibus. A dolore voluptatem nam molestiae voluptatibus esse nam.',0,1,'2002-02-09 11:14:16','2022-09-05 15:36:00');
/*!40000 ALTER TABLE `messages` ENABLE KEYS */;
UNLOCK TABLES;

--
-- Table structure for table `messages_likes`
--

DROP TABLE IF EXISTS `messages_likes`;
/*!40101 SET @saved_cs_client     = @@character_set_client */;
/*!50503 SET character_set_client = utf8mb4 */;
CREATE TABLE `messages_likes` (
  `messages_id` int unsigned NOT NULL COMMENT '╨б╤Б╤Л╨╗╨║╨░ ╨╜╨░ ╨┐╨╛╨╗╤М╨╖╨╛╨▓╨░╤В╨╡╨╗╤П',
  `count` int unsigned DEFAULT NULL COMMENT '╨Ъ╨╛╨╗╨╕╤З╨╡╤Б╤В╨▓╨╛ ╨╗╨░╨╣╨║╨╛╨▓ ╨┐╨╛╨╗╤М╨╖╨╛╨▓╨░╤В╨╡╨╗╤П'
) ENGINE=InnoDB DEFAULT CHARSET=utf8mb4 COLLATE=utf8mb4_unicode_ci COMMENT='╨Ы╨░╨╣╨║╨╕ ╨┐╨╛╨╗╤М╨╖╨╛╨▓╨░╤В╨╡╨╗╨╡╨╣';
/*!40101 SET character_set_client = @saved_cs_client */;

--
-- Dumping data for table `messages_likes`
--

LOCK TABLES `messages_likes` WRITE;
/*!40000 ALTER TABLE `messages_likes` DISABLE KEYS */;
INSERT INTO `messages_likes` VALUES (1,5),(2,91898250),(3,747381),(4,890),(5,1364),(6,0),(7,119058),(8,427393958),(9,96127),(10,82710),(11,26506113),(12,5027),(13,39),(14,195083101),(15,629015),(16,621084),(17,224499),(18,8838),(19,95),(20,14343),(21,1),(22,713509),(23,453302),(24,2907),(25,145869277),(26,22),(27,9),(28,6886),(29,4),(30,0),(31,3315),(32,9856912),(33,0),(34,858765824),(35,209),(36,52474),(37,77029932),(38,4005829),(39,9),(40,322099056),(41,548898054),(42,38527736),(43,1621),(44,0),(45,834),(46,9),(47,0),(48,50),(49,0),(50,1),(51,99),(52,565482),(53,76),(54,927576),(55,964),(56,9913100),(57,0),(58,475),(59,0),(60,6423),(61,235),(62,8476881),(63,2398290),(64,0),(65,185129435),(66,67989),(67,0),(68,1067),(69,521),(70,3200946),(71,3),(72,1405),(73,273025),(74,0),(75,99659),(76,285),(77,100688),(78,48024),(79,13224),(80,5352),(81,919746),(82,74119),(83,1799713),(84,402),(85,3105805),(86,7092),(87,90471782),(88,96),(89,91401),(90,9111509),(91,52),(92,519),(93,0),(94,3),(95,58),(96,239),(97,76),(98,408907526),(99,966251),(100,907957858);
/*!40000 ALTER TABLE `messages_likes` ENABLE KEYS */;
UNLOCK TABLES;

--
-- Table structure for table `profiles`
--

DROP TABLE IF EXISTS `profiles`;
/*!40101 SET @saved_cs_client     = @@character_set_client */;
/*!50503 SET character_set_client = utf8mb4 */;
CREATE TABLE `profiles` (
  `user_id` int unsigned NOT NULL COMMENT '╨б╤Б╤Л╨╗╨║╨░ ╨╜╨░ ╨┐╨╛╨╗╤М╨╖╨╛╨▓╨░╤В╨╡╨╗╤П',
  `gender` char(1) CHARACTER SET utf8mb4 COLLATE utf8mb4_unicode_ci NOT NULL COMMENT '╨Я╨╛╨╗',
  `birthday` date DEFAULT NULL COMMENT '╨Ф╨░╤В╨░ ╤А╨╛╨╢╨┤╨╡╨╜╨╕╤П',
  `photo_id` int unsigned DEFAULT NULL COMMENT '╨б╤Б╤Л╨╗╨║╨░ ╨╜╨░ ╨╛╤Б╨╜╨╛╨▓╨╜╤Г╤О ╤Д╨╛╤В╨╛╨│╤А╨░╤Д╨╕╤О ╨┐╨╛╨╗╤М╨╖╨╛╨▓╨░╤В╨╡╨╗╤П',
  `user_status_id` int unsigned DEFAULT NULL,
  `city` varchar(130) CHARACTER SET utf8mb4 COLLATE utf8mb4_unicode_ci DEFAULT NULL COMMENT '╨У╨╛╤А╨╛╨┤ ╨┐╤А╨╛╨╢╨╕╨▓╨░╨╜╨╕╤П',
  `country` varchar(130) CHARACTER SET utf8mb4 COLLATE utf8mb4_unicode_ci DEFAULT NULL COMMENT '╨б╤В╤А╨░╨╜╨░ ╨┐╤А╨╛╨╢╨╕╨▓╨░╨╜╨╕╤П',
  `created_at` datetime DEFAULT CURRENT_TIMESTAMP COMMENT '╨Т╤А╨╡╨╝╤П ╤Б╨╛╨╖╨┤╨░╨╜╨╕╤П ╤Б╤В╤А╨╛╨║╨╕',
  `updated_at` datetime DEFAULT CURRENT_TIMESTAMP ON UPDATE CURRENT_TIMESTAMP COMMENT '╨Т╤А╨╡╨╝╤П ╨╛╨▒╨╜╨╛╨▓╨╗╨╡╨╜╨╕╤П ╤Б╤В╤А╨╛╨║╨╕',
  PRIMARY KEY (`user_id`)
) ENGINE=InnoDB DEFAULT CHARSET=utf8mb4 COLLATE=utf8mb4_unicode_ci COMMENT='╨Я╤А╨╛╤Д╨╕╨╗╨╕';
/*!40101 SET character_set_client = @saved_cs_client */;

--
-- Dumping data for table `profiles`
--

LOCK TABLES `profiles` WRITE;
/*!40000 ALTER TABLE `profiles` DISABLE KEYS */;
INSERT INTO `profiles` VALUES (1,'f','2009-03-29',98,2,'South Mercedestown','2','1983-06-25 21:47:16','2022-09-05 15:29:22'),(2,'m','2016-09-30',91,2,'Abshirechester','','1984-09-01 18:32:25','2022-09-05 15:29:22'),(3,'m','1990-03-31',59,2,'Kamrenmouth','4506537','1984-01-15 22:48:32','2022-09-05 15:29:22'),(4,'m','2002-12-19',21,2,'Wuckertmouth','49284','1989-11-15 19:31:07','2022-09-05 15:29:22'),(5,'m','1995-09-02',29,2,'Kutchfort','806','1974-08-22 04:22:04','2022-09-05 15:29:22'),(6,'m','2010-02-05',83,2,'East Rigoberto','424371','1987-06-29 13:13:15','2022-09-05 15:29:22'),(7,'f','1989-05-18',26,2,'New Kassandra','24938','2005-05-05 17:35:03','2022-09-05 15:29:22'),(8,'m','2022-06-16',82,2,'Wiegandbury','881831008','1984-08-22 13:22:45','2022-09-05 15:29:22'),(9,'f','1985-02-20',30,1,'Antoninaberg','15787','1997-08-02 21:01:29','2022-09-05 15:29:22'),(10,'f','2009-02-14',3,1,'Jacobsonborough','7931','1986-08-15 12:36:49','2022-09-05 15:29:22'),(11,'m','1975-02-24',26,2,'Quigleyborough','13379','2013-09-02 04:48:24','2022-09-05 15:29:22'),(12,'m','2000-02-14',19,2,'Hesselchester','71','1977-02-27 07:19:09','2022-09-05 15:29:22'),(13,'m','1971-03-20',17,1,'Port Presleyview','909','1992-05-29 09:53:13','2022-09-05 15:29:22'),(14,'f','1986-07-31',29,2,'Padbergland','71','1982-09-09 06:06:53','2022-09-05 15:29:22'),(15,'m','2004-03-29',92,1,'Darrinland','23','1974-12-06 18:33:23','2022-09-05 15:29:22'),(16,'f','1996-12-17',72,1,'North Marco','326','1998-12-26 00:39:22','2022-09-05 15:29:22'),(17,'f','1984-01-15',85,2,'Kirlinberg','304196802','2014-01-30 03:12:05','2022-09-05 15:29:22'),(18,'m','1970-10-05',8,1,'Hartmannbury','53705','1981-02-11 23:28:59','2022-09-05 15:29:22'),(19,'m','1970-09-13',85,1,'North Susie','','2003-04-16 19:58:44','2022-09-05 15:29:22'),(20,'m','1970-02-02',1,1,'Ferryville','','1987-09-23 01:26:26','2022-09-05 15:29:22'),(21,'m','1978-02-14',50,2,'North Vickie','121502862','2011-09-21 23:19:10','2022-09-05 15:29:22'),(22,'m','1999-06-28',45,1,'Rosalindside','','1972-06-10 19:57:40','2022-09-05 15:29:22'),(23,'m','2015-12-21',76,1,'Glennaburgh','677743','2011-09-08 15:09:27','2022-09-05 15:29:22'),(24,'m','1984-09-06',45,2,'East Jamie','750671499','1971-05-09 07:25:34','2022-09-05 15:29:22'),(25,'f','1984-01-01',94,2,'Romagueraton','746530','1999-05-01 00:53:22','2022-09-05 15:29:22'),(26,'m','1984-06-23',37,1,'Lake Keely','6664647','2021-10-23 07:49:12','2022-09-05 15:29:22'),(27,'f','2008-11-19',2,1,'Creminberg','4980','1979-08-18 08:02:51','2022-09-05 15:29:22'),(28,'m','2011-03-06',100,1,'North Justicehaven','906','1986-09-12 15:45:09','2022-09-05 15:29:22'),(29,'f','2009-04-24',92,2,'Keshawnton','45174','2014-12-20 14:09:06','2022-09-05 15:29:22'),(30,'m','1992-04-14',59,2,'Paoloton','','2018-07-04 13:05:03','2022-09-05 15:29:22'),(31,'m','2008-12-15',18,2,'Pollichshire','2','1974-09-25 19:35:00','2022-09-05 15:29:22'),(32,'m','2007-05-10',13,1,'East Cyril','8','2002-07-12 04:52:07','2022-09-05 15:29:22'),(33,'f','2019-09-14',10,2,'East Patriciafurt','465','1991-11-14 12:05:32','2022-09-05 15:29:22'),(34,'f','1982-12-04',9,1,'West Adonis','93483','1972-05-08 19:00:03','2022-09-05 15:29:22'),(35,'m','1989-05-27',17,1,'Port Sarahburgh','18','2004-11-07 11:44:16','2022-09-05 15:29:22'),(36,'m','1999-05-14',58,1,'Willside','45','1973-05-01 05:19:14','2022-09-05 15:29:22'),(37,'m','2003-01-23',37,2,'North Kylie','676974','2022-05-06 23:51:18','2022-09-05 15:29:22'),(38,'m','1978-09-30',11,2,'East Bethelchester','796565022','1999-02-23 13:39:08','2022-09-05 15:29:22'),(39,'f','1986-08-03',44,2,'West Hulda','341935','1972-04-27 12:32:47','2022-09-05 15:29:22'),(40,'m','1998-01-25',85,1,'Fayeburgh','18046','1970-01-07 04:58:05','2022-09-05 15:29:22'),(41,'f','2010-09-29',92,1,'Kadenville','574','1990-08-18 17:33:40','2022-09-05 15:29:22'),(42,'m','2010-05-19',7,1,'Tressieberg','893630920','2021-03-11 08:47:14','2022-09-05 15:29:22'),(43,'m','1998-10-19',59,1,'East Triston','45','2009-06-23 16:35:43','2022-09-05 15:29:22'),(44,'f','2004-12-17',74,2,'VonRuedenville','5432680','1991-10-09 21:23:54','2022-09-05 15:29:22'),(45,'m','2000-04-14',93,2,'Ondrickaside','','1987-07-11 04:10:42','2022-09-05 15:29:22'),(46,'m','2004-01-26',40,1,'Geovannimouth','150','1975-05-01 01:23:36','2022-09-05 15:29:22'),(47,'m','1980-04-18',21,2,'Hammesmouth','78831','1989-09-17 08:39:52','2022-09-05 15:29:22'),(48,'f','1983-08-18',83,1,'New Hannah','39','1996-04-07 15:48:27','2022-09-05 15:29:22'),(49,'f','1971-08-12',53,1,'Ratkeburgh','15','1976-07-14 19:53:15','2022-09-05 15:29:22'),(50,'m','1986-06-27',13,1,'North Baileeview','1','1989-09-20 18:56:27','2022-09-05 15:29:22'),(51,'m','1988-09-28',9,2,'Lucioville','285013332','1978-04-02 05:56:04','2022-09-05 15:29:22'),(52,'m','2011-12-23',5,1,'Doyleburgh','6','2020-07-15 17:00:20','2022-09-05 15:29:22'),(53,'m','2014-05-24',95,1,'Schultzhaven','950480','2010-12-06 23:35:55','2022-09-05 15:29:22'),(54,'m','2019-03-31',60,1,'Elyssaborough','590746','1982-11-18 15:59:03','2022-09-05 15:29:22'),(55,'f','1975-06-27',16,2,'Edwardhaven','','1981-02-14 03:58:29','2022-09-05 15:29:22'),(56,'f','1975-08-14',98,1,'Doloresshire','96531554','2007-04-17 14:53:06','2022-09-05 15:29:22'),(57,'f','2011-06-28',42,2,'East Jeromy','14602','2012-10-01 03:29:31','2022-09-05 15:29:22'),(58,'f','2011-07-07',14,1,'Lubowitzchester','991842954','1999-08-13 17:54:41','2022-09-05 15:29:22'),(59,'m','2019-01-10',44,1,'Andreannefort','','1985-04-26 11:50:20','2022-09-05 15:29:22'),(60,'f','2007-05-15',77,1,'Kuhlmanchester','','1995-03-15 08:22:49','2022-09-05 15:29:22'),(61,'m','1990-07-04',53,2,'Kutchfort','73444589','1991-01-28 23:45:41','2022-09-05 15:29:22'),(62,'f','1972-05-22',35,2,'Streichburgh','','1978-08-14 22:25:48','2022-09-05 15:29:22'),(63,'f','1992-09-26',15,2,'Benfort','','1990-12-10 10:51:06','2022-09-05 15:29:22'),(64,'m','1977-01-02',70,1,'Port Abdullah','370','1986-02-06 13:17:40','2022-09-05 15:29:22'),(65,'f','1978-12-07',2,1,'North Mia','883865','1972-07-13 23:28:52','2022-09-05 15:29:22'),(66,'f','1971-02-16',2,1,'Port Kyleightown','29428056','1993-12-28 17:39:18','2022-09-05 15:29:22'),(67,'f','2001-02-07',1,2,'Port Margie','','2014-07-19 23:21:23','2022-09-05 15:29:22'),(68,'m','1971-04-10',1,1,'West Elfrieda','8375230','1974-02-03 08:20:09','2022-09-05 15:29:22'),(69,'f','1989-05-01',100,1,'Alexanestad','','1978-06-02 20:14:42','2022-09-05 15:29:22'),(70,'m','2012-02-12',96,1,'Reingerborough','496699','2015-08-21 11:58:09','2022-09-05 15:29:22'),(71,'m','2009-02-18',81,2,'Malvinafort','9','1970-10-06 04:29:47','2022-09-05 15:29:22'),(72,'m','1977-02-16',17,2,'New Bartonmouth','','1983-04-01 13:18:50','2022-09-05 15:29:22'),(73,'f','1999-01-23',39,1,'Celinechester','55','2010-09-12 19:18:40','2022-09-05 15:29:22'),(74,'m','2009-11-01',45,1,'Yasmeenhaven','567','2013-07-03 23:56:57','2022-09-05 15:29:22'),(75,'m','1991-09-10',9,1,'South Dimitri','796548146','1990-04-01 00:05:01','2022-09-05 15:29:22'),(76,'f','2016-03-25',8,1,'Calehaven','7810','1995-05-17 09:28:13','2022-09-05 15:29:22'),(77,'m','1982-05-21',15,1,'South Mosheberg','9094','1973-11-28 13:38:02','2022-09-05 15:29:22'),(78,'m','2015-03-14',47,2,'Hansenborough','83','2014-10-25 00:30:14','2022-09-05 15:29:22'),(79,'m','1982-10-28',90,1,'Lake Oda','571336423','1997-10-26 04:31:34','2022-09-05 15:29:22'),(80,'m','1980-12-21',11,1,'Ritachester','241260534','2006-03-11 15:16:23','2022-09-05 15:29:22'),(81,'m','1975-02-10',83,1,'South Ali','277130','2007-09-30 17:23:57','2022-09-05 15:29:22'),(82,'f','2017-07-19',80,1,'Port Prudenceberg','931','2012-04-26 19:05:34','2022-09-05 15:29:22'),(83,'f','2016-11-26',51,2,'Port Iliana','3656','2003-12-04 12:26:09','2022-09-05 15:29:22'),(84,'m','1981-04-14',16,2,'East Cassandra','73','2006-04-10 18:38:37','2022-09-05 15:29:22'),(85,'f','1984-12-15',25,1,'Rempelmouth','92596296','2022-04-29 04:06:22','2022-09-05 15:29:22'),(86,'m','2017-05-05',77,1,'Lake Laury','4343455','2006-03-14 02:56:37','2022-09-05 15:29:22'),(87,'f','2017-05-04',12,1,'South Ashleymouth','8','1976-12-14 14:32:18','2022-09-05 15:29:22'),(88,'m','1988-09-20',25,1,'Wilsonstad','507','1984-05-03 09:10:16','2022-09-05 15:29:22'),(89,'f','2009-06-20',91,2,'Lake Erich','4296','2019-05-27 11:52:23','2022-09-05 15:29:22'),(90,'m','2012-07-10',78,2,'North Jaylan','5587092','1979-06-09 20:39:29','2022-09-05 15:29:22'),(91,'m','1992-03-08',17,2,'East Emiliano','','1980-07-02 03:45:35','2022-09-05 15:29:22'),(92,'f','2008-05-14',51,2,'Elisabethville','','1975-02-09 22:01:45','2022-09-05 15:29:22'),(93,'f','2018-01-25',5,2,'Odessaside','22715776','2001-07-15 12:04:06','2022-09-05 15:29:22'),(94,'m','2019-02-27',71,1,'Gulgowskiview','24','1978-09-16 13:09:14','2022-09-05 15:29:22'),(95,'m','2022-08-01',39,1,'Margareteburgh','45202','2020-11-19 02:32:37','2022-09-05 15:29:22'),(96,'f','2001-01-26',80,1,'Herbertside','','2015-08-10 02:05:52','2022-09-05 15:29:22'),(97,'f','1979-02-04',84,2,'East Brant','10','1981-03-01 01:53:06','2022-09-05 15:29:22'),(98,'f','1990-10-11',78,1,'North Gilesburgh','47389','1983-07-24 13:56:20','2022-09-05 15:29:22'),(99,'f','1979-01-21',38,1,'Auerberg','86','2008-01-20 16:12:51','2022-09-05 15:29:22'),(100,'f','1983-04-10',56,2,'South Wiley','21','1992-08-18 13:05:40','2022-09-05 15:29:22');
/*!40000 ALTER TABLE `profiles` ENABLE KEYS */;
UNLOCK TABLES;

--
-- Table structure for table `user_likes`
--

DROP TABLE IF EXISTS `user_likes`;
/*!40101 SET @saved_cs_client     = @@character_set_client */;
/*!50503 SET character_set_client = utf8mb4 */;
CREATE TABLE `user_likes` (
  `user_id` int unsigned NOT NULL COMMENT '╨б╤Б╤Л╨╗╨║╨░ ╨╜╨░ ╨┐╨╛╨╗╤М╨╖╨╛╨▓╨░╤В╨╡╨╗╤П',
  `count` int unsigned DEFAULT NULL COMMENT '╨Ъ╨╛╨╗╨╕╤З╨╡╤Б╤В╨▓╨╛ ╨╗╨░╨╣╨║╨╛╨▓ ╨┐╨╛╨╗╤М╨╖╨╛╨▓╨░╤В╨╡╨╗╤П'
) ENGINE=InnoDB DEFAULT CHARSET=utf8mb4 COLLATE=utf8mb4_unicode_ci COMMENT='╨Ы╨░╨╣╨║╨╕ ╨┐╨╛╨╗╤М╨╖╨╛╨▓╨░╤В╨╡╨╗╨╡╨╣';
/*!40101 SET character_set_client = @saved_cs_client */;

--
-- Dumping data for table `user_likes`
--

LOCK TABLES `user_likes` WRITE;
/*!40000 ALTER TABLE `user_likes` DISABLE KEYS */;
INSERT INTO `user_likes` VALUES (1,367799),(2,696),(3,90891),(4,0),(5,0),(6,0),(7,7908277),(8,3843986),(9,9),(10,87296048),(11,39),(12,0),(13,54638614),(14,65283735),(15,191173),(16,35),(17,0),(18,9920850),(19,182366),(20,33648871),(21,93057701),(22,6002),(23,0),(24,865),(25,95),(26,94350),(27,64333247),(28,8),(29,0),(30,411529),(31,3500913),(32,5156539),(33,8),(34,404),(35,40247),(36,6),(37,31735008),(38,26801018),(39,737230),(40,47518),(41,6549918),(42,968075128),(43,2),(44,232766967),(45,414926),(46,21841517),(47,44026177),(48,193189025),(49,403),(50,19076278),(51,271389713),(52,90),(53,394),(54,2893),(55,58393571),(56,85),(57,4215),(58,5600146),(59,283611),(60,0),(61,46080),(62,453788),(63,13),(64,328246016),(65,24133),(66,0),(67,574),(68,9),(69,577),(70,50842),(71,850),(72,1),(73,87053),(74,3),(75,0),(76,15),(77,135725),(78,85460),(79,926302),(80,25064),(81,553),(82,79075),(83,0),(84,872),(85,946),(86,91),(87,680655),(88,41),(89,826),(90,9),(91,67664980),(92,955),(93,3254209),(94,1069),(95,14054),(96,759),(97,6754537),(98,7),(99,8),(100,771134986);
/*!40000 ALTER TABLE `user_likes` ENABLE KEYS */;
UNLOCK TABLES;

--
-- Table structure for table `user_statuses`
--

DROP TABLE IF EXISTS `user_statuses`;
/*!40101 SET @saved_cs_client     = @@character_set_client */;
/*!50503 SET character_set_client = utf8mb4 */;
CREATE TABLE `user_statuses` (
  `id` int unsigned NOT NULL AUTO_INCREMENT COMMENT 'Идентификатор строки',
  `name` varchar(100) NOT NULL COMMENT 'Название статуса(уникальное)',
  `created_at` datetime NOT NULL DEFAULT CURRENT_TIMESTAMP COMMENT 'Время создания',
  `updated_at` datetime DEFAULT CURRENT_TIMESTAMP ON UPDATE CURRENT_TIMESTAMP COMMENT 'Время обновления',
  PRIMARY KEY (`id`)
) ENGINE=InnoDB AUTO_INCREMENT=3 DEFAULT CHARSET=utf8mb4 COLLATE=utf8mb4_0900_ai_ci;
/*!40101 SET character_set_client = @saved_cs_client */;

--
-- Dumping data for table `user_statuses`
--

LOCK TABLES `user_statuses` WRITE;
/*!40000 ALTER TABLE `user_statuses` DISABLE KEYS */;
INSERT INTO `user_statuses` VALUES (1,'single','2022-09-05 14:58:09','2022-09-05 14:58:09'),(2,'married','2022-09-05 14:58:09','2022-09-05 14:58:09');
/*!40000 ALTER TABLE `user_statuses` ENABLE KEYS */;
UNLOCK TABLES;

--
-- Table structure for table `users`
--

DROP TABLE IF EXISTS `users`;
/*!40101 SET @saved_cs_client     = @@character_set_client */;
/*!50503 SET character_set_client = utf8mb4 */;
CREATE TABLE `users` (
  `id` int unsigned NOT NULL AUTO_INCREMENT COMMENT '╨Ш╨┤╨╡╨╜╤В╨╕╤Д╨╕╨║╨░╤В╨╛╤А ╤Б╤В╤А╨╛╨║╨╕',
  `first_name` varchar(100) CHARACTER SET utf8mb4 COLLATE utf8mb4_unicode_ci NOT NULL COMMENT '╨Ш╨╝╤П ╨┐╨╛╨╗╤М╨╖╨╛╨▓╨░╤В╨╡╨╗╤П',
  `last_name` varchar(100) CHARACTER SET utf8mb4 COLLATE utf8mb4_unicode_ci NOT NULL COMMENT '╨д╨░╨╝╨╕╨╗╨╕╤П ╨┐╨╛╨╗╤М╨╖╨╛╨▓╨░╤В╨╡╨╗╤П',
  `email` varchar(100) CHARACTER SET utf8mb4 COLLATE utf8mb4_unicode_ci NOT NULL COMMENT '╨Я╨╛╤З╤В╨░',
  `phone` varchar(100) CHARACTER SET utf8mb4 COLLATE utf8mb4_unicode_ci NOT NULL COMMENT '╨в╨╡╨╗╨╡╤Д╨╛╨╜',
  `created_at` datetime DEFAULT CURRENT_TIMESTAMP COMMENT '╨Т╤А╨╡╨╝╤П ╤Б╨╛╨╖╨┤╨░╨╜╨╕╤П ╤Б╤В╤А╨╛╨║╨╕',
  `updated_at` datetime DEFAULT CURRENT_TIMESTAMP ON UPDATE CURRENT_TIMESTAMP COMMENT '╨Т╤А╨╡╨╝╤П ╨╛╨▒╨╜╨╛╨▓╨╗╨╡╨╜╨╕╤П ╤Б╤В╤А╨╛╨║╨╕',
  PRIMARY KEY (`id`),
  UNIQUE KEY `email` (`email`),
  UNIQUE KEY `phone` (`phone`)
) ENGINE=InnoDB AUTO_INCREMENT=101 DEFAULT CHARSET=utf8mb4 COLLATE=utf8mb4_unicode_ci COMMENT='╨Я╨╛╨╗╤М╨╖╨╛╨▓╨░╤В╨╡╨╗╨╕';
/*!40101 SET character_set_client = @saved_cs_client */;

--
-- Dumping data for table `users`
--

LOCK TABLES `users` WRITE;
/*!40000 ALTER TABLE `users` DISABLE KEYS */;
INSERT INTO `users` VALUES (1,'Stewart','Carroll','nquitzon@example.net','199-733-4015','2022-09-17 18:06:51','2022-09-17 18:06:51'),(2,'Alexanne','Wintheiser','bayer.avery@example.org','(581)109-7638x53629','2022-09-17 18:06:51','2022-09-17 18:06:51'),(3,'Jena','Wintheiser','becker.jerel@example.com','+99(0)5541473288','2022-09-17 18:06:51','2022-09-17 18:06:51'),(4,'Dameon','Mosciski','nmckenzie@example.net','02930195078','2022-09-17 18:06:51','2022-09-17 18:06:51'),(5,'Dwight','Lang','keven.langworth@example.com','615.698.0102','2022-09-17 18:06:51','2022-09-17 18:06:51'),(6,'Shana','Heidenreich','brodriguez@example.org','(433)476-3940x50762','2022-09-17 18:06:51','2022-09-17 18:06:51'),(7,'Jonathan','Kessler','gladyce02@example.net','(771)799-2628x588','2022-09-17 18:06:51','2022-09-17 18:06:51'),(8,'Ramona','Lockman','autumn83@example.com','135-107-0003','2022-09-17 18:06:51','2022-09-17 18:06:51'),(9,'Ozella','Windler','maureen.goyette@example.net','668-134-2045x775','2022-09-17 18:06:51','2022-09-17 18:06:51'),(10,'Mina','Welch','zhayes@example.org','446-672-3872x1979','2022-09-17 18:06:51','2022-09-17 18:06:51'),(11,'Bennie','Thompson','lina.wintheiser@example.net','644.766.1576','2022-09-17 18:06:51','2022-09-17 18:06:51'),(12,'Leora','Jast','monserrat.bogisich@example.org','347-317-7658x724','2022-09-17 18:06:51','2022-09-17 18:06:51'),(13,'Israel','Yost','raymond.lehner@example.com','099-548-4121x70565','2022-09-17 18:06:51','2022-09-17 18:06:51'),(14,'Narciso','Wintheiser','cheyanne.schmeler@example.com','1-330-921-5739','2022-09-17 18:06:51','2022-09-17 18:06:51'),(15,'Warren','Reinger','hickle.kenna@example.com','(774)211-1136x77669','2022-09-17 18:06:51','2022-09-17 18:06:51'),(16,'Kirk','Abbott','daphney.rogahn@example.net','(258)670-3419x91822','2022-09-17 18:06:51','2022-09-17 18:06:51'),(17,'Jerry','Larkin','lchamplin@example.net','996-050-2622x292','2022-09-17 18:06:51','2022-09-17 18:06:51'),(18,'Virgil','Dibbert','yesenia.haley@example.com','01671122248','2022-09-17 18:06:51','2022-09-17 18:06:51'),(19,'Andrew','Hegmann','kirlin.elena@example.net','1-142-402-0656','2022-09-17 18:06:51','2022-09-17 18:06:51'),(20,'Laverne','Kozey','glover.jalyn@example.com','852-102-3830x60515','2022-09-17 18:06:51','2022-09-17 18:06:51'),(21,'Hector','Wilkinson','clara.ondricka@example.com','1-559-185-8564','2022-09-17 18:06:51','2022-09-17 18:06:51'),(22,'Orion','Marks','rkunde@example.org','651.425.4125x4439','2022-09-17 18:06:51','2022-09-17 18:06:51'),(23,'Greyson','Fay','mmcdermott@example.net','922.109.6216','2022-09-17 18:06:51','2022-09-17 18:06:51'),(24,'Tristian','Pollich','bzieme@example.net','1-374-731-9498x8275','2022-09-17 18:06:51','2022-09-17 18:06:51'),(25,'Christiana','Gusikowski','marlon96@example.org','+76(8)3661873938','2022-09-17 18:06:51','2022-09-17 18:06:51'),(26,'Mazie','Kulas','dortha.lind@example.net','857.318.2546','2022-09-17 18:06:51','2022-09-17 18:06:51'),(27,'Jadon','Reilly','crystal37@example.com','+52(1)1909010960','2022-09-17 18:06:51','2022-09-17 18:06:51'),(28,'Deven','Herman','jazmyne.graham@example.net','1-925-903-8274','2022-09-17 18:06:51','2022-09-17 18:06:51'),(29,'Geovanny','Kozey','vicenta.durgan@example.com','686.423.3930x7065','2022-09-17 18:06:51','2022-09-17 18:06:51'),(30,'Mason','Quitzon','vschulist@example.net','(457)822-3172x796','2022-09-17 18:06:51','2022-09-17 18:06:51'),(31,'Loma','Rosenbaum','howell.kasandra@example.net','1-522-539-4954','2022-09-17 18:06:51','2022-09-17 18:06:51'),(32,'Liam','Upton','hackett.amalia@example.net','879-900-3610','2022-09-17 18:06:51','2022-09-17 18:06:51'),(33,'Anya','Vandervort','pwehner@example.net','990.015.7156','2022-09-17 18:06:51','2022-09-17 18:06:51'),(34,'Fatima','Bailey','noemie70@example.net','1-811-024-6710x08617','2022-09-17 18:06:51','2022-09-17 18:06:51'),(35,'Jessica','Baumbach','anthony.brown@example.org','1-152-353-5778x4223','2022-09-17 18:06:51','2022-09-17 18:06:51'),(36,'Jadyn','Barton','owatsica@example.com','+45(5)8520783627','2022-09-17 18:06:51','2022-09-17 18:06:51'),(37,'Armani','Murphy','vonrueden.alivia@example.com','010.899.3558','2022-09-17 18:06:51','2022-09-17 18:06:51'),(38,'Jess','Rippin','caesar.gorczany@example.com','975-824-0834','2022-09-17 18:06:51','2022-09-17 18:06:51'),(39,'Emie','Ortiz','srobel@example.org','(684)366-4979','2022-09-17 18:06:51','2022-09-17 18:06:51'),(40,'Makenzie','Vandervort','jalon85@example.net','1-985-186-7300x378','2022-09-17 18:06:51','2022-09-17 18:06:51'),(41,'Vladimir','Zieme','travis.miller@example.com','+87(2)5549907835','2022-09-17 18:06:51','2022-09-17 18:06:51'),(42,'Cordell','Emard','ophelia81@example.net','05836369146','2022-09-17 18:06:51','2022-09-17 18:06:51'),(43,'Gust','Crooks','santino83@example.org','(894)027-9829','2022-09-17 18:06:51','2022-09-17 18:06:51'),(44,'Audra','Beer','o\'hara.irving@example.com','695.851.2711x2070','2022-09-17 18:06:51','2022-09-17 18:06:51'),(45,'Korbin','Stracke','bryce.kertzmann@example.org','(607)124-0230','2022-09-17 18:06:51','2022-09-17 18:06:51'),(46,'Ezequiel','Will','emory26@example.com','956-728-8059x136','2022-09-17 18:06:51','2022-09-17 18:06:51'),(47,'Leola','Harvey','egleichner@example.com','(182)536-1624','2022-09-17 18:06:51','2022-09-17 18:06:51'),(48,'Enola','Homenick','sallie66@example.net','(751)523-8135','2022-09-17 18:06:51','2022-09-17 18:06:51'),(49,'Wilber','Gaylord','kaelyn.will@example.org','+75(9)1104573128','2022-09-17 18:06:51','2022-09-17 18:06:51'),(50,'Jaunita','Hermann','kautzer.shayna@example.org','(145)157-5534x46228','2022-09-17 18:06:51','2022-09-17 18:06:51'),(51,'Lester','Bashirian','treutel.maegan@example.com','160-294-7820x4553','2022-09-17 18:06:51','2022-09-17 18:06:51'),(52,'Lane','Leuschke','rlubowitz@example.com','07560287434','2022-09-17 18:06:51','2022-09-17 18:06:51'),(53,'Brock','Pfannerstill','qsmith@example.org','(557)917-2736x019','2022-09-17 18:06:51','2022-09-17 18:06:51'),(54,'Marietta','Corkery','lschoen@example.org','417.209.8531','2022-09-17 18:06:51','2022-09-17 18:06:51'),(55,'Jammie','Lakin','roosevelt.davis@example.com','1-775-496-7878x145','2022-09-17 18:06:51','2022-09-17 18:06:51'),(56,'Angus','Rosenbaum','gutkowski.teresa@example.org','(448)030-2506','2022-09-17 18:06:51','2022-09-17 18:06:51'),(57,'Corine','Koelpin','jane67@example.net','+84(9)5108585013','2022-09-17 18:06:51','2022-09-17 18:06:51'),(58,'Raphaelle','Yost','jwillms@example.com','+54(7)8313333841','2022-09-17 18:06:51','2022-09-17 18:06:51'),(59,'Arnoldo','VonRueden','xmosciski@example.org','(896)199-6426x01458','2022-09-17 18:06:51','2022-09-17 18:06:51'),(60,'Pearline','Bergnaum','tavares.olson@example.net','1-259-982-1777','2022-09-17 18:06:51','2022-09-17 18:06:51'),(61,'Stephon','Bartell','kub.charlotte@example.net','581-457-9748x671','2022-09-17 18:06:51','2022-09-17 18:06:51'),(62,'Barrett','Bartoletti','borer.suzanne@example.net','(795)773-3588','2022-09-17 18:06:51','2022-09-17 18:06:51'),(63,'Shania','Leuschke','giovani60@example.com','123.158.8209','2022-09-17 18:06:51','2022-09-17 18:06:51'),(64,'Vena','Wiegand','briana.reichel@example.com','1-167-630-3879','2022-09-17 18:06:51','2022-09-17 18:06:51'),(65,'Dayton','Jenkins','altenwerth.madalyn@example.net','056-571-6855x2314','2022-09-17 18:06:51','2022-09-17 18:06:51'),(66,'Emma','Kovacek','baylee.hirthe@example.net','+92(0)6532388228','2022-09-17 18:06:51','2022-09-17 18:06:51'),(67,'Kaden','Dooley','eloise.nolan@example.com','(594)342-5884x4760','2022-09-17 18:06:51','2022-09-17 18:06:51'),(68,'Sallie','Toy','river.keebler@example.com','1-425-401-2850','2022-09-17 18:06:51','2022-09-17 18:06:51'),(69,'Eleazar','Cole','chodkiewicz@example.org','(797)321-4315x68763','2022-09-17 18:06:51','2022-09-17 18:06:51'),(70,'Tania','Smith','ocorwin@example.org','253-121-0109x327','2022-09-17 18:06:51','2022-09-17 18:06:51'),(71,'Haven','Lehner','doyle.stehr@example.org','191.609.8110x63348','2022-09-17 18:06:51','2022-09-17 18:06:51'),(72,'Lavern','Heller','fo\'hara@example.org','(025)668-3803x678','2022-09-17 18:06:51','2022-09-17 18:06:51'),(73,'Oceane','Stroman','dkovacek@example.org','(139)385-1232x9908','2022-09-17 18:06:51','2022-09-17 18:06:51'),(74,'Maggie','Towne','alexandria21@example.org','+78(0)1658646975','2022-09-17 18:06:51','2022-09-17 18:06:51'),(75,'Mina','Gusikowski','alfredo.klocko@example.org','467.960.2517x454','2022-09-17 18:06:51','2022-09-17 18:06:51'),(76,'Ubaldo','Ledner','roxanne95@example.org','220-875-1469x9965','2022-09-17 18:06:51','2022-09-17 18:06:51'),(77,'Imani','Kreiger','wolf.hugh@example.com','1-855-047-6047x743','2022-09-17 18:06:51','2022-09-17 18:06:51'),(78,'Sylvester','Heidenreich','heathcote.helga@example.net','679.745.7317x83839','2022-09-17 18:06:51','2022-09-17 18:06:51'),(79,'Rowland','Beatty','leanna31@example.com','013.300.5983x999','2022-09-17 18:06:51','2022-09-17 18:06:51'),(80,'Antonia','Nitzsche','grath@example.org','08367865121','2022-09-17 18:06:51','2022-09-17 18:06:51'),(81,'Tia','Douglas','mauricio88@example.net','319.941.1739','2022-09-17 18:06:51','2022-09-17 18:06:51'),(82,'Mohammad','Kuhlman','clinton35@example.net','1-285-899-0769','2022-09-17 18:06:51','2022-09-17 18:06:51'),(83,'Missouri','Heathcote','abbott.fern@example.net','1-869-540-8043x160','2022-09-17 18:06:51','2022-09-17 18:06:51'),(84,'Merritt','Ruecker','gislason.elroy@example.com','273-108-5629','2022-09-17 18:06:51','2022-09-17 18:06:51'),(85,'Santa','Smitham','miller.devin@example.org','04493045459','2022-09-17 18:06:51','2022-09-17 18:06:51'),(86,'Barry','Stracke','wmertz@example.org','577.311.7749x4443','2022-09-17 18:06:51','2022-09-17 18:06:51'),(87,'Nadia','Schuppe','weissnat.cale@example.net','337-597-2701x458','2022-09-17 18:06:51','2022-09-17 18:06:51'),(88,'Merritt','Dietrich','towne.megane@example.net','064-943-2292x440','2022-09-17 18:06:51','2022-09-17 18:06:51'),(89,'Natalia','Dooley','reichel.angelo@example.com','1-023-799-1048x685','2022-09-17 18:06:51','2022-09-17 18:06:51'),(90,'Kendra','Abshire','ppowlowski@example.org','+61(0)7395576197','2022-09-17 18:06:51','2022-09-17 18:06:51'),(91,'Tianna','Schuster','cade20@example.com','1-316-533-6187x1910','2022-09-17 18:06:51','2022-09-17 18:06:51'),(92,'Olaf','Toy','jeffery19@example.net','06566336699','2022-09-17 18:06:51','2022-09-17 18:06:51'),(93,'Judah','Schumm','velma56@example.com','03773759831','2022-09-17 18:06:51','2022-09-17 18:06:51'),(94,'Elise','Schmidt','dmosciski@example.com','03419842329','2022-09-17 18:06:51','2022-09-17 18:06:51'),(95,'Hayley','Rogahn','monique40@example.org','02247036192','2022-09-17 18:06:51','2022-09-17 18:06:51'),(96,'Ludie','Emmerich','xkilback@example.net','1-174-202-1042x0426','2022-09-17 18:06:51','2022-09-17 18:06:51'),(97,'Tevin','Cronin','yhermiston@example.org','(364)939-4587x76684','2022-09-17 18:06:51','2022-09-17 18:06:51'),(98,'Sanford','Erdman','evert10@example.com','540.136.6042','2022-09-17 18:06:51','2022-09-17 18:06:51'),(99,'Sadie','Donnelly','casandra.oberbrunner@example.com','+74(6)3431173402','2022-09-17 18:06:51','2022-09-17 18:06:51'),(100,'Shaun','Wiza','raymond.gottlieb@example.com','687-801-1738','2022-09-17 18:06:51','2022-09-17 18:06:51');
/*!40000 ALTER TABLE `users` ENABLE KEYS */;
UNLOCK TABLES;
/*!40103 SET TIME_ZONE=@OLD_TIME_ZONE */;

/*!40101 SET SQL_MODE=@OLD_SQL_MODE */;
/*!40014 SET FOREIGN_KEY_CHECKS=@OLD_FOREIGN_KEY_CHECKS */;
/*!40014 SET UNIQUE_CHECKS=@OLD_UNIQUE_CHECKS */;
/*!40101 SET CHARACTER_SET_CLIENT=@OLD_CHARACTER_SET_CLIENT */;
/*!40101 SET CHARACTER_SET_RESULTS=@OLD_CHARACTER_SET_RESULTS */;
/*!40101 SET COLLATION_CONNECTION=@OLD_COLLATION_CONNECTION */;
/*!40111 SET SQL_NOTES=@OLD_SQL_NOTES */;

-- Dump completed on 2022-09-17 18:09:36
